C,P,I,time_pred,recall_pred,P_C_ratio
2848,41,6,2.17,0.9852,0.0144
2848,43,6,2.17,0.9852,0.0151
2848,45,6,2.17,0.9852,0.0158
2848,47,6,2.17,0.9852,0.0165
2848,49,6,2.17,0.9852,0.0172
2848,51,6,2.17,0.9852,0.0179
2848,53,6,2.17,0.9852,0.0186
2848,55,6,2.17,0.9852,0.0193
2880,41,6,2.17,0.9852,0.0142
2880,43,6,2.17,0.9852,0.0149
2880,45,6,2.17,0.9852,0.0156
2880,47,6,2.17,0.9852,0.0163
2880,49,6,2.17,0.9852,0.017
2880,51,6,2.17,0.9852,0.0177
2880,53,6,2.17,0.9852,0.0184
2880,55,6,2.17,0.9852,0.0191
2912,41,6,2.17,0.9852,0.0141
2912,43,6,2.17,0.9852,0.0148
2912,45,6,2.17,0.9852,0.0155
2912,47,6,2.17,0.9852,0.0161
2912,49,6,2.17,0.9852,0.0168
2912,51,6,2.17,0.9852,0.0175
2912,53,6,2.17,0.9852,0.0182
2912,55,6,2.17,0.9852,0.0189
2944,41,6,2.17,0.9852,0.0139
2944,43,6,2.17,0.9852,0.0146
2944,45,6,2.17,0.9852,0.0153
2944,47,6,2.17,0.9852,0.016
2944,49,6,2.17,0.9852,0.0166
2944,51,6,2.17,0.9852,0.0173
2944,53,6,2.17,0.9852,0.018
2944,55,6,2.17,0.9852,0.0187
2976,41,6,2.17,0.9852,0.0138
2976,43,6,2.17,0.9852,0.0144
2976,45,6,2.17,0.9852,0.0151
2976,47,6,2.17,0.9852,0.0158
2976,49,6,2.17,0.9852,0.0165
2976,51,6,2.17,0.9852,0.0171
2976,53,6,2.17,0.9852,0.0178
2976,55,6,2.17,0.9852,0.0185
3008,41,6,2.17,0.9852,0.0136
3008,43,6,2.17,0.9852,0.0143
3008,45,6,2.17,0.9852,0.015
3008,47,6,2.17,0.9852,0.0156
3008,49,6,2.17,0.9852,0.0163
3008,51,6,2.17,0.9852,0.017
3008,53,6,2.17,0.9852,0.0176
3008,55,6,2.17,0.9852,0.0183
3040,41,6,2.17,0.9852,0.0135
3040,43,6,2.17,0.9852,0.0141
3040,45,6,2.17,0.9852,0.0148
3040,47,6,2.17,0.9852,0.0155
3040,49,6,2.17,0.9852,0.0161
3040,51,6,2.17,0.9852,0.0168
3040,53,6,2.17,0.9852,0.0174
3040,55,6,2.17,0.9852,0.0181
3072,41,6,2.17,0.9852,0.0133
3072,43,6,2.17,0.9852,0.014
3072,45,6,2.17,0.9852,0.0146
3072,47,6,2.17,0.9852,0.0153
3072,49,6,2.17,0.9852,0.016
3072,51,6,2.17,0.9852,0.0166
3072,53,6,2.17,0.9852,0.0173
3072,55,6,2.17,0.9852,0.0179
3104,41,6,2.17,0.9852,0.0132
3104,43,6,2.17,0.9852,0.0139
3104,45,6,2.17,0.9852,0.0145
3104,47,6,2.17,0.9852,0.0151
3104,49,6,2.17,0.9852,0.0158
3104,51,6,2.17,0.9852,0.0164
3104,53,6,2.17,0.9852,0.0171
3104,55,6,2.17,0.9852,0.0177
3136,41,6,2.17,0.9852,0.0131
3136,43,6,2.17,0.9852,0.0137
3136,45,6,2.17,0.9852,0.0143
3136,47,6,2.17,0.9852,0.015
3136,49,6,2.17,0.9852,0.0156
3136,51,6,2.17,0.9852,0.0163
3136,53,6,2.17,0.9852,0.0169
3136,55,6,2.17,0.9852,0.0175
3168,41,6,2.17,0.9852,0.0129
3168,43,6,2.17,0.9852,0.0136
3168,45,6,2.17,0.9852,0.0142
3168,47,6,2.17,0.9852,0.0148
3168,49,6,2.17,0.9852,0.0155
3168,51,6,2.17,0.9852,0.0161
3168,53,6,2.17,0.9852,0.0167
3168,55,6,2.17,0.9852,0.0174
3200,41,6,2.17,0.9852,0.0128
3200,43,6,2.17,0.9852,0.0134
3200,45,6,2.17,0.9852,0.0141
3200,47,6,2.17,0.9852,0.0147
3200,49,6,2.17,0.9852,0.0153
3200,51,6,2.17,0.9852,0.0159
3200,53,6,2.17,0.9852,0.0166
3200,55,6,2.17,0.9852,0.0172
3232,41,6,2.17,0.9852,0.0127
3232,43,6,2.17,0.9852,0.0133
3232,45,6,2.17,0.9852,0.0139
3232,47,6,2.17,0.9852,0.0145
3232,49,6,2.17,0.9852,0.0152
3232,51,6,2.17,0.9852,0.0158
3232,53,6,2.17,0.9852,0.0164
3232,55,6,2.17,0.9852,0.017
3264,41,6,2.17,0.9852,0.0126
3264,43,6,2.17,0.9852,0.0132
3264,45,6,2.17,0.9852,0.0138
3264,47,6,2.17,0.9852,0.0144
3264,49,6,2.17,0.9852,0.015
3264,51,6,2.17,0.9852,0.0156
3264,53,6,2.17,0.9852,0.0162
3264,55,6,2.17,0.9852,0.0169
3296,41,6,2.17,0.9852,0.0124
3296,43,6,2.17,0.9852,0.013
3296,45,6,2.17,0.9852,0.0137
3296,47,6,2.17,0.9852,0.0143
3296,49,6,2.17,0.9852,0.0149
3296,51,6,2.17,0.9852,0.0155
3296,53,6,2.17,0.9852,0.0161
3296,55,6,2.17,0.9852,0.0167
3328,41,6,2.17,0.9852,0.0123
3328,43,6,2.17,0.9852,0.0129
3328,45,6,2.17,0.9852,0.0135
3328,47,6,2.17,0.9852,0.0141
3328,49,6,2.17,0.9852,0.0147
3328,51,6,2.17,0.9852,0.0153
3328,53,6,2.17,0.9852,0.0159
3328,55,6,2.17,0.9852,0.0165
3360,41,6,2.17,0.9852,0.0122
3360,43,6,2.17,0.9852,0.0128
3360,45,6,2.17,0.9852,0.0134
3360,47,6,2.17,0.9852,0.014
3360,49,6,2.17,0.9852,0.0146
3360,51,6,2.17,0.9852,0.0152
3360,53,6,2.17,0.9852,0.0158
3360,55,6,2.17,0.9852,0.0164
3392,41,6,2.17,0.9852,0.0121
3392,43,6,2.17,0.9852,0.0127
3392,45,6,2.17,0.9852,0.0133
3392,47,6,2.17,0.9852,0.0139
3392,49,6,2.17,0.9852,0.0144
3392,51,6,2.17,0.9852,0.015
3392,53,6,2.17,0.9852,0.0156
3392,55,6,2.17,0.9852,0.0162
3424,41,6,2.17,0.9852,0.012
3424,43,6,2.17,0.9852,0.0126
3424,45,6,2.17,0.9852,0.0131
3424,47,6,2.17,0.9852,0.0137
3424,49,6,2.17,0.9852,0.0143
3424,51,6,2.17,0.9852,0.0149
3424,53,6,2.17,0.9852,0.0155
3424,55,6,2.17,0.9852,0.0161
3456,41,6,2.17,0.9852,0.0119
3456,43,6,2.17,0.9852,0.0124
3456,45,6,2.17,0.9852,0.013
3456,47,6,2.17,0.9852,0.0136
3456,49,6,2.17,0.9852,0.0142
3456,51,6,2.17,0.9852,0.0148
3456,53,6,2.17,0.9852,0.0153
3456,55,6,2.17,0.9852,0.0159
3488,41,6,2.17,0.9852,0.0118
3488,43,6,2.17,0.9852,0.0123
3488,45,6,2.17,0.9852,0.0129
3488,47,6,2.17,0.9852,0.0135
3488,49,6,2.17,0.9852,0.014
3488,51,6,2.17,0.9852,0.0146
3488,53,6,2.17,0.9852,0.0152
3488,55,6,2.17,0.9852,0.0158
3520,41,6,2.17,0.9852,0.0116
3520,43,6,2.17,0.9852,0.0122
3520,45,6,2.17,0.9852,0.0128
3520,47,6,2.17,0.9852,0.0134
3520,49,6,2.17,0.9852,0.0139
3520,51,6,2.17,0.9852,0.0145
3520,53,6,2.17,0.9852,0.0151
3520,55,6,2.17,0.9852,0.0156
3552,41,6,2.17,0.9852,0.0115
3552,43,6,2.17,0.9852,0.0121
3552,45,6,2.17,0.9852,0.0127
3552,47,6,2.17,0.9852,0.0132
3552,49,6,2.17,0.9852,0.0138
3552,51,6,2.17,0.9852,0.0144
3552,53,6,2.17,0.9852,0.0149
3552,55,6,2.17,0.9852,0.0155
3584,41,6,2.17,0.9852,0.0114
3584,43,6,2.17,0.9852,0.012
3584,45,6,2.17,0.9852,0.0126
3584,47,6,2.17,0.9852,0.0131
3584,49,6,2.17,0.9852,0.0137
3584,51,6,2.17,0.9852,0.0142
3584,53,6,2.17,0.9852,0.0148
3584,55,6,2.17,0.9852,0.0153
3616,41,6,2.17,0.9821,0.0113
3616,43,6,2.17,0.9821,0.0119
3616,45,6,2.17,0.9821,0.0124
3616,47,6,2.17,0.9821,0.013
3616,49,6,2.17,0.9821,0.0136
3616,51,6,2.17,0.9821,0.0141
3616,53,6,2.17,0.9821,0.0147
3616,55,6,2.17,0.9821,0.0152
3648,41,6,2.17,0.9821,0.0112
3648,43,6,2.17,0.9821,0.0118
3648,45,6,2.17,0.9821,0.0123
3648,47,6,2.17,0.9821,0.0129
3648,49,6,2.17,0.9821,0.0134
3648,51,6,2.17,0.9821,0.014
3648,53,6,2.17,0.9821,0.0145
3648,55,6,2.17,0.9821,0.0151
3680,41,6,2.17,0.9821,0.0111
3680,43,6,2.17,0.9821,0.0117
3680,45,6,2.17,0.9821,0.0122
3680,47,6,2.17,0.9821,0.0128
3680,49,6,2.17,0.9821,0.0133
3680,51,6,2.17,0.9821,0.0139
3680,53,6,2.17,0.9821,0.0144
3680,55,6,2.17,0.9821,0.0149
3712,41,6,2.17,0.9821,0.011
3712,43,6,2.17,0.9821,0.0116
3712,45,6,2.17,0.9821,0.0121
3712,47,6,2.17,0.9821,0.0127
3712,49,6,2.17,0.9821,0.0132
3712,51,6,2.17,0.9821,0.0137
3712,53,6,2.17,0.9821,0.0143
3712,55,6,2.17,0.9821,0.0148
3744,41,6,2.17,0.9821,0.011
3744,43,6,2.17,0.9821,0.0115
3744,45,6,2.17,0.9821,0.012
3744,47,6,2.17,0.9821,0.0126
3744,49,6,2.17,0.9821,0.0131
3744,51,6,2.17,0.9821,0.0136
3744,53,6,2.17,0.9821,0.0142
3744,55,6,2.17,0.9821,0.0147
3776,41,6,2.17,0.9821,0.0109
3776,43,6,2.17,0.9821,0.0114
3776,45,6,2.17,0.9821,0.0119
3776,47,6,2.17,0.9821,0.0124
3776,49,6,2.17,0.9821,0.013
3776,51,6,2.17,0.9821,0.0135
3776,53,6,2.17,0.9821,0.014
3776,55,6,2.17,0.9821,0.0146
3808,41,6,2.17,0.9821,0.0108
3808,43,6,2.17,0.9821,0.0113
3808,45,6,2.17,0.9821,0.0118
3808,47,6,2.17,0.9821,0.0123
3808,49,6,2.17,0.9821,0.0129
3808,51,6,2.17,0.9821,0.0134
3808,53,6,2.17,0.9821,0.0139
3808,55,6,2.17,0.9821,0.0144
3840,41,6,2.17,0.9821,0.0107
3840,43,6,2.17,0.9821,0.0112
3840,45,6,2.17,0.9821,0.0117
3840,47,6,2.17,0.9821,0.0122
3840,49,6,2.17,0.9821,0.0128
3840,51,6,2.17,0.9821,0.0133
3840,53,6,2.17,0.9821,0.0138
3840,55,6,2.17,0.9821,0.0143
3872,41,6,2.17,0.9821,0.0106
3872,43,6,2.17,0.9821,0.0111
3872,45,6,2.17,0.9821,0.0116
3872,47,6,2.17,0.9821,0.0121
3872,49,6,2.17,0.9821,0.0127
3872,51,6,2.17,0.9821,0.0132
3872,53,6,2.17,0.9821,0.0137
3872,55,6,2.17,0.9821,0.0142
3904,41,6,2.17,0.9821,0.0105
3904,43,6,2.17,0.9821,0.011
3904,45,6,2.17,0.9821,0.0115
3904,47,6,2.17,0.9821,0.012
3904,49,6,2.17,0.9821,0.0126
3904,51,6,2.17,0.9821,0.0131
3904,53,6,2.17,0.9821,0.0136
3904,55,6,2.17,0.9821,0.0141
3936,41,6,2.17,0.9821,0.0104
3936,43,6,2.17,0.9821,0.0109
3936,45,6,2.17,0.9821,0.0114
3936,47,6,2.17,0.9821,0.0119
3936,49,6,2.17,0.9821,0.0124
3936,51,6,2.17,0.9821,0.013
3936,53,6,2.17,0.9821,0.0135
3936,55,6,2.17,0.9821,0.014
3968,41,6,2.17,0.9821,0.0103
3968,43,6,2.17,0.9821,0.0108
3968,45,6,2.17,0.9821,0.0113
3968,47,6,2.17,0.9821,0.0118
3968,49,6,2.17,0.9821,0.0123
3968,51,6,2.17,0.9821,0.0129
3968,53,6,2.17,0.9821,0.0134
3968,55,6,2.17,0.9821,0.0139
4000,41,6,2.17,0.9821,0.0103
4000,43,6,2.17,0.9821,0.0107
4000,45,6,2.17,0.9821,0.0112
4000,47,6,2.17,0.9821,0.0118
4000,49,6,2.17,0.9821,0.0123
4000,51,6,2.17,0.9821,0.0127
4000,53,6,2.17,0.9821,0.0132
4000,55,6,2.17,0.9821,0.0138
4032,41,6,2.17,0.9821,0.0102
4032,43,6,2.17,0.9821,0.0107
4032,45,6,2.17,0.9821,0.0112
4032,47,6,2.17,0.9821,0.0117
4032,49,6,2.17,0.9821,0.0122
4032,51,6,2.17,0.9821,0.0126
4032,53,6,2.17,0.9821,0.0131
4032,55,6,2.17,0.9821,0.0136
4064,41,6,2.17,0.9821,0.0101
4064,43,6,2.17,0.9821,0.0106
4064,45,6,2.17,0.9821,0.0111
4064,47,6,2.17,0.9821,0.0116
4064,49,6,2.17,0.9821,0.0121
4064,51,6,2.17,0.9821,0.0125
4064,53,6,2.17,0.9821,0.013
4064,55,6,2.17,0.9821,0.0135
4096,41,6,2.17,0.9821,0.01
4096,43,6,2.17,0.9821,0.0105
4096,45,6,2.17,0.9821,0.011
4096,47,6,2.17,0.9821,0.0115
4096,49,6,2.17,0.9821,0.012
4096,51,6,2.17,0.9821,0.0125
4096,53,6,2.17,0.9821,0.0129
4096,55,6,2.17,0.9821,0.0134
4128,41,6,2.17,0.9821,0.0099
4128,43,6,2.17,0.9821,0.0104
4128,45,6,2.17,0.9821,0.0109
4128,47,6,2.17,0.9821,0.0114
4128,49,6,2.17,0.9821,0.0119
4128,51,6,2.17,0.9821,0.0124
4128,53,6,2.17,0.9821,0.0128
4128,55,6,2.17,0.9821,0.0133
4160,41,6,2.17,0.9821,0.0099
4160,43,6,2.17,0.9821,0.0103
4160,45,6,2.17,0.9821,0.0108
4160,47,6,2.17,0.9821,0.0113
4160,49,6,2.17,0.9821,0.0118
4160,51,6,2.17,0.9821,0.0123
4160,53,6,2.17,0.9821,0.0127
4160,55,6,2.17,0.9821,0.0132
4192,41,6,2.17,0.9821,0.0098
4192,43,6,2.17,0.9821,0.0103
4192,45,6,2.17,0.9821,0.0107
4192,47,6,2.17,0.9821,0.0112
4192,49,6,2.17,0.9821,0.0117
4192,51,6,2.17,0.9821,0.0122
4192,53,6,2.17,0.9821,0.0126
4192,55,6,2.17,0.9821,0.0131
4224,41,6,2.17,0.9821,0.0097
4224,43,6,2.17,0.9821,0.0102
4224,45,6,2.17,0.9821,0.0107
4224,47,6,2.17,0.9821,0.0111
4224,49,6,2.17,0.9821,0.0116
4224,51,6,2.17,0.9821,0.0121
4224,53,6,2.17,0.9821,0.0125
4224,55,6,2.17,0.9821,0.013
4256,41,6,2.17,0.9821,0.0096
4256,43,6,2.17,0.9821,0.0101
4256,45,6,2.17,0.9821,0.0106
4256,47,6,2.17,0.9821,0.011
4256,49,6,2.17,0.9821,0.0115
4256,51,6,2.17,0.9821,0.012
4256,53,6,2.17,0.9821,0.0125
4256,55,6,2.17,0.9821,0.0129
4288,41,6,2.17,0.9821,0.0096
4288,43,6,2.17,0.9821,0.01
4288,45,6,2.17,0.9821,0.0105
4288,47,6,2.17,0.9821,0.011
4288,49,6,2.17,0.9821,0.0114
4288,51,6,2.17,0.9821,0.0119
4288,53,6,2.17,0.9821,0.0124
4288,55,6,2.17,0.9821,0.0128
4320,41,6,2.17,0.9821,0.0095
4320,43,6,2.17,0.9821,0.01
4320,45,6,2.17,0.9821,0.0104
4320,47,6,2.17,0.9821,0.0109
4320,49,6,2.17,0.9821,0.0113
4320,51,6,2.17,0.9821,0.0118
4320,53,6,2.17,0.9821,0.0123
4320,55,6,2.17,0.9821,0.0127
4352,41,6,2.17,0.9821,0.0094
4352,43,6,2.17,0.9821,0.0099
4352,45,6,2.17,0.9821,0.0103
4352,47,6,2.17,0.9821,0.0108
4352,49,6,2.17,0.9821,0.0113
4352,51,6,2.17,0.9821,0.0117
4352,53,6,2.17,0.9821,0.0122
4352,55,6,2.17,0.9821,0.0126
4384,41,6,2.17,0.9821,0.0094
4384,43,6,2.17,0.9821,0.0098
4384,45,6,2.17,0.9821,0.0103
4384,47,6,2.17,0.9821,0.0107
4384,49,6,2.17,0.9821,0.0112
4384,51,6,2.17,0.9821,0.0116
4384,53,6,2.17,0.9821,0.0121
4384,55,6,2.17,0.9821,0.0125
4416,41,6,2.17,0.9821,0.0093
4416,43,6,2.17,0.9821,0.0097
4416,45,6,2.17,0.9821,0.0102
4416,47,6,2.17,0.9821,0.0106
4416,49,6,2.17,0.9821,0.0111
4416,51,6,2.17,0.9821,0.0115
4416,53,6,2.17,0.9821,0.012
4416,55,6,2.17,0.9821,0.0125
4448,41,6,2.17,0.9821,0.0092
4448,43,6,2.17,0.9821,0.0097
4448,45,6,2.17,0.9821,0.0101
4448,47,6,2.17,0.9821,0.0106
4448,49,6,2.17,0.9821,0.011
4448,51,6,2.17,0.9821,0.0115
4448,53,6,2.17,0.9821,0.0119
4448,55,6,2.17,0.9821,0.0124
4480,41,6,2.17,0.9821,0.0092
4480,43,6,2.17,0.9821,0.0096
4480,45,6,2.17,0.9821,0.01
4480,47,6,2.17,0.9821,0.0105
4480,49,6,2.17,0.9821,0.0109
4480,51,6,2.17,0.9821,0.0114
4480,53,6,2.17,0.9821,0.0118
4480,55,6,2.17,0.9821,0.0123
4512,41,6,2.17,0.9821,0.0091
4512,43,6,2.17,0.9821,0.0095
4512,45,6,2.17,0.9821,0.01
4512,47,6,2.17,0.9821,0.0104
4512,49,6,2.17,0.9821,0.0109
4512,51,6,2.17,0.9821,0.0113
4512,53,6,2.17,0.9821,0.0117
4512,55,6,2.17,0.9821,0.0122
4544,41,6,2.17,0.9821,0.009
4544,43,6,2.17,0.9821,0.0095
4544,45,6,2.17,0.9821,0.0099
4544,47,6,2.17,0.9821,0.0103
4544,49,6,2.17,0.9821,0.0108
4544,51,6,2.17,0.9821,0.0112
4544,53,6,2.17,0.9821,0.0117
4544,55,6,2.17,0.9821,0.0121
4576,41,6,2.17,0.9821,0.009
4576,43,6,2.17,0.9821,0.0094
4576,45,6,2.17,0.9821,0.0098
4576,47,6,2.17,0.9821,0.0103
4576,49,6,2.17,0.9821,0.0107
4576,51,6,2.17,0.9821,0.0111
4576,53,6,2.17,0.9821,0.0116
4576,55,6,2.17,0.9821,0.012
4608,41,6,2.17,0.9821,0.0089
4608,43,6,2.17,0.9821,0.0093
4608,45,6,2.17,0.9821,0.0098
4608,47,6,2.17,0.9821,0.0102
4608,49,6,2.17,0.9821,0.0106
4608,51,6,2.17,0.9821,0.0111
4608,53,6,2.17,0.9821,0.0115
4608,55,6,2.17,0.9821,0.0119
4640,41,6,2.19,0.9805,0.0088
4640,43,6,2.19,0.9805,0.0093
4640,45,6,2.19,0.9805,0.0097
4640,47,6,2.19,0.9805,0.0101
4640,49,6,2.19,0.9805,0.0106
4640,51,6,2.19,0.9805,0.011
4640,53,6,2.19,0.9805,0.0114
4640,55,6,2.19,0.9805,0.0119
4672,41,6,2.19,0.9805,0.0088
4672,43,6,2.19,0.9805,0.0092
4672,45,6,2.19,0.9805,0.0096
4672,47,6,2.19,0.9805,0.0101
4672,49,6,2.19,0.9805,0.0105
4672,51,6,2.19,0.9805,0.0109
4672,53,6,2.19,0.9805,0.0113
4672,55,6,2.19,0.9805,0.0118
4704,41,6,2.19,0.9805,0.0087
4704,43,6,2.19,0.9805,0.0091
4704,45,6,2.19,0.9805,0.0096
4704,47,6,2.19,0.9805,0.01
4704,49,6,2.19,0.9805,0.0104
4704,51,6,2.19,0.9805,0.0108
4704,53,6,2.19,0.9805,0.0113
4704,55,6,2.19,0.9805,0.0117
4736,41,6,2.19,0.9805,0.0087
4736,43,6,2.19,0.9805,0.0091
4736,45,6,2.19,0.9805,0.0095
4736,47,6,2.19,0.9805,0.0099
4736,49,6,2.19,0.9805,0.0103
4736,51,6,2.19,0.9805,0.0108
4736,53,6,2.19,0.9805,0.0112
4736,55,6,2.19,0.9805,0.0116
4768,41,6,2.19,0.9805,0.0086
4768,43,6,2.19,0.9805,0.009
4768,45,6,2.19,0.9805,0.0094
4768,47,6,2.19,0.9805,0.0099
4768,49,6,2.19,0.9805,0.0103
4768,51,6,2.19,0.9805,0.0107
4768,53,6,2.19,0.9805,0.0111
4768,55,6,2.19,0.9805,0.0115
4800,41,6,2.19,0.9805,0.0085
4800,43,6,2.19,0.9805,0.009
4800,45,6,2.19,0.9805,0.0094
4800,47,6,2.19,0.9805,0.0098
4800,49,6,2.19,0.9805,0.0102
4800,51,6,2.19,0.9805,0.0106
4800,53,6,2.19,0.9805,0.011
4800,55,6,2.19,0.9805,0.0115
4832,41,6,2.19,0.9805,0.0085
4832,43,6,2.19,0.9805,0.0089
4832,45,6,2.19,0.9805,0.0093
4832,47,6,2.19,0.9805,0.0097
4832,49,6,2.19,0.9805,0.0101
4832,51,6,2.19,0.9805,0.0106
4832,53,6,2.19,0.9805,0.011
4832,55,6,2.19,0.9805,0.0114
4864,41,6,2.19,0.9805,0.0084
4864,43,6,2.19,0.9805,0.0088
4864,45,6,2.19,0.9805,0.0093
4864,47,6,2.19,0.9805,0.0097
4864,49,6,2.19,0.9805,0.0101
4864,51,6,2.19,0.9805,0.0105
4864,53,6,2.19,0.9805,0.0109
4864,55,6,2.19,0.9805,0.0113
4896,41,6,2.19,0.9805,0.0084
4896,43,6,2.19,0.9805,0.0088
4896,45,6,2.19,0.9805,0.0092
4896,47,6,2.19,0.9805,0.0096
4896,49,6,2.19,0.9805,0.01
4896,51,6,2.19,0.9805,0.0104
4896,53,6,2.19,0.9805,0.0108
4896,55,6,2.19,0.9805,0.0112
4928,41,6,2.19,0.9805,0.0083
4928,43,6,2.19,0.9805,0.0087
4928,45,6,2.19,0.9805,0.0091
4928,47,6,2.19,0.9805,0.0095
4928,49,6,2.19,0.9805,0.0099
4928,51,6,2.19,0.9805,0.0103
4928,53,6,2.19,0.9805,0.0108
4928,55,6,2.19,0.9805,0.0112
4960,41,6,2.19,0.9805,0.0083
4960,43,6,2.19,0.9805,0.0087
4960,45,6,2.19,0.9805,0.0091
4960,47,6,2.19,0.9805,0.0095
4960,49,6,2.19,0.9805,0.0099
4960,51,6,2.19,0.9805,0.0103
4960,53,6,2.19,0.9805,0.0107
4960,55,6,2.19,0.9805,0.0111
4992,41,6,2.19,0.9805,0.0082
4992,43,6,2.19,0.9805,0.0086
4992,45,6,2.19,0.9805,0.009
4992,47,6,2.19,0.9805,0.0094
4992,49,6,2.19,0.9805,0.0098
4992,51,6,2.19,0.9805,0.0102
4992,53,6,2.19,0.9805,0.0106
4992,55,6,2.19,0.9805,0.011
5024,41,6,2.19,0.9805,0.0082
5024,43,6,2.19,0.9805,0.0086
5024,45,6,2.19,0.9805,0.009
5024,47,6,2.19,0.9805,0.0094
5024,49,6,2.19,0.9805,0.0098
5024,51,6,2.19,0.9805,0.0102
5024,53,6,2.19,0.9805,0.0105
5024,55,6,2.19,0.9805,0.0109
5056,41,6,2.19,0.9805,0.0081
5056,43,6,2.19,0.9805,0.0085
5056,45,6,2.19,0.9805,0.0089
5056,47,6,2.19,0.9805,0.0093
5056,49,6,2.19,0.9805,0.0097
5056,51,6,2.19,0.9805,0.0101
5056,53,6,2.19,0.9805,0.0105
5056,55,6,2.19,0.9805,0.0109
5088,41,6,2.19,0.9805,0.0081
5088,43,6,2.19,0.9805,0.0085
5088,45,6,2.19,0.9805,0.0088
5088,47,6,2.19,0.9805,0.0092
5088,49,6,2.19,0.9805,0.0096
5088,51,6,2.19,0.9805,0.01
5088,53,6,2.19,0.9805,0.0104
5088,55,6,2.19,0.9805,0.0108
5120,41,6,2.19,0.9805,0.008
5120,43,6,2.19,0.9805,0.0084
5120,45,6,2.19,0.9805,0.0088
5120,47,6,2.19,0.9805,0.0092
5120,49,6,2.19,0.9805,0.0096
5120,51,6,2.19,0.9805,0.01
5120,53,6,2.19,0.9805,0.0104
5120,55,6,2.19,0.9805,0.0107
5152,41,6,2.19,0.9805,0.008
5152,43,6,2.19,0.9805,0.0083
5152,45,6,2.19,0.9805,0.0087
5152,47,6,2.19,0.9805,0.0091
5152,49,6,2.19,0.9805,0.0095
5152,51,6,2.19,0.9805,0.0099
5152,53,6,2.19,0.9805,0.0103
5152,55,6,2.19,0.9805,0.0107
5184,41,6,2.19,0.9805,0.0079
5184,43,6,2.19,0.9805,0.0083
5184,45,6,2.19,0.9805,0.0087
5184,47,6,2.19,0.9805,0.0091
5184,49,6,2.19,0.9805,0.0095
5184,51,6,2.19,0.9805,0.0098
5184,53,6,2.19,0.9805,0.0102
5184,55,6,2.19,0.9805,0.0106
5216,41,6,2.19,0.9805,0.0079
5216,43,6,2.19,0.9805,0.0082
5216,45,6,2.19,0.9805,0.0086
5216,47,6,2.19,0.9805,0.009
5216,49,6,2.19,0.9805,0.0094
5216,51,6,2.19,0.9805,0.0098
5216,53,6,2.19,0.9805,0.0102
5216,55,6,2.19,0.9805,0.0105
5248,41,6,2.19,0.9805,0.0078
5248,43,6,2.19,0.9805,0.0082
5248,45,6,2.19,0.9805,0.0086
5248,47,6,2.19,0.9805,0.009
5248,49,6,2.19,0.9805,0.0093
5248,51,6,2.19,0.9805,0.0097
5248,53,6,2.19,0.9805,0.0101
5248,55,6,2.19,0.9805,0.0105
5280,41,6,2.19,0.9805,0.0078
5280,43,6,2.19,0.9805,0.0081
5280,45,6,2.19,0.9805,0.0085
5280,47,6,2.19,0.9805,0.0089
5280,49,6,2.19,0.9805,0.0093
5280,51,6,2.19,0.9805,0.0097
5280,53,6,2.19,0.9805,0.01
5280,55,6,2.19,0.9805,0.0104
5312,41,6,2.19,0.9805,0.0077
5312,43,6,2.19,0.9805,0.0081
5312,45,6,2.19,0.9805,0.0085
5312,47,6,2.19,0.9805,0.0088
5312,49,6,2.19,0.9805,0.0092
5312,51,6,2.19,0.9805,0.0096
5312,53,6,2.19,0.9805,0.01
5312,55,6,2.19,0.9805,0.0104
5344,41,6,2.19,0.9805,0.0077
5344,43,6,2.19,0.9805,0.008
5344,45,6,2.19,0.9805,0.0084
5344,47,6,2.19,0.9805,0.0088
5344,49,6,2.19,0.9805,0.0092
5344,51,6,2.19,0.9805,0.0095
5344,53,6,2.19,0.9805,0.0099
5344,55,6,2.19,0.9805,0.0103
5376,41,6,2.19,0.9805,0.0076
5376,43,6,2.19,0.9805,0.008
5376,45,6,2.19,0.9805,0.0084
5376,47,6,2.19,0.9805,0.0087
5376,49,6,2.19,0.9805,0.0091
5376,51,6,2.19,0.9805,0.0095
5376,53,6,2.19,0.9805,0.0099
5376,55,6,2.19,0.9805,0.0102
5408,41,6,2.19,0.9805,0.0076
5408,43,6,2.19,0.9805,0.008
5408,45,6,2.19,0.9805,0.0083
5408,47,6,2.19,0.9805,0.0087
5408,49,6,2.19,0.9805,0.0091
5408,51,6,2.19,0.9805,0.0094
5408,53,6,2.19,0.9805,0.0098
5408,55,6,2.19,0.9805,0.0102
5440,41,6,2.19,0.9805,0.0075
5440,43,6,2.19,0.9805,0.0079
5440,45,6,2.19,0.9805,0.0083
5440,47,6,2.19,0.9805,0.0086
5440,49,6,2.19,0.9805,0.009
5440,51,6,2.19,0.9805,0.0094
5440,53,6,2.19,0.9805,0.0097
5440,55,6,2.19,0.9805,0.0101
5472,41,6,2.19,0.9805,0.0075
5472,43,6,2.19,0.9805,0.0079
5472,45,6,2.19,0.9805,0.0082
5472,47,6,2.19,0.9805,0.0086
5472,49,6,2.19,0.9805,0.009
5472,51,6,2.19,0.9805,0.0093
5472,53,6,2.19,0.9805,0.0097
5472,55,6,2.19,0.9805,0.0101
5504,41,6,2.19,0.9805,0.0074
5504,43,6,2.19,0.9805,0.0078
5504,45,6,2.19,0.9805,0.0082
5504,47,6,2.19,0.9805,0.0085
5504,49,6,2.19,0.9805,0.0089
5504,51,6,2.19,0.9805,0.0093
5504,53,6,2.19,0.9805,0.0096
5504,55,6,2.19,0.9805,0.01
5536,41,6,2.19,0.9805,0.0074
5536,43,6,2.19,0.9805,0.0078
5536,45,6,2.19,0.9805,0.0081
5536,47,6,2.19,0.9805,0.0085
5536,49,6,2.19,0.9805,0.0089
5536,51,6,2.19,0.9805,0.0092
5536,53,6,2.19,0.9805,0.0096
5536,55,6,2.19,0.9805,0.0099
5568,41,6,2.19,0.9805,0.0074
5568,43,6,2.19,0.9805,0.0077
5568,45,6,2.19,0.9805,0.0081
5568,47,6,2.19,0.9805,0.0084
5568,49,6,2.19,0.9805,0.0088
5568,51,6,2.19,0.9805,0.0092
5568,53,6,2.19,0.9805,0.0095
5568,55,6,2.19,0.9805,0.0099
5600,41,6,2.19,0.9805,0.0073
5600,43,6,2.19,0.9805,0.0077
5600,45,6,2.19,0.9805,0.008
5600,47,6,2.19,0.9805,0.0084
5600,49,6,2.19,0.9805,0.0088
5600,51,6,2.19,0.9805,0.0091
5600,53,6,2.19,0.9805,0.0095
5600,55,6,2.19,0.9805,0.0098
5632,41,6,2.19,0.9805,0.0073
5632,43,6,2.19,0.9805,0.0076
5632,45,6,2.19,0.9805,0.008
5632,47,6,2.19,0.9805,0.0083
5632,49,6,2.19,0.9805,0.0087
5632,51,6,2.19,0.9805,0.0091
5632,53,6,2.19,0.9805,0.0094
5632,55,6,2.19,0.9805,0.0098
2336,41,6,2.23,0.986,0.0176
2336,43,6,2.23,0.986,0.0184
2336,45,6,2.23,0.986,0.0193
2336,47,6,2.23,0.986,0.0201
2336,49,6,2.23,0.986,0.021
2336,51,6,2.23,0.986,0.0218
2336,53,6,2.23,0.986,0.0227
2336,55,6,2.23,0.986,0.0235
2368,41,6,2.23,0.986,0.0173
2368,43,6,2.23,0.986,0.0182
2368,45,6,2.23,0.986,0.019
2368,47,6,2.23,0.986,0.0198
2368,49,6,2.23,0.986,0.0207
2368,51,6,2.23,0.986,0.0215
2368,53,6,2.23,0.986,0.0224
2368,55,6,2.23,0.986,0.0232
2400,41,6,2.23,0.986,0.0171
2400,43,6,2.23,0.986,0.0179
2400,45,6,2.23,0.986,0.0187
2400,47,6,2.23,0.986,0.0196
2400,49,6,2.23,0.986,0.0204
2400,51,6,2.23,0.986,0.0213
2400,53,6,2.23,0.986,0.0221
2400,55,6,2.23,0.986,0.0229
2432,41,6,2.23,0.986,0.0169
2432,43,6,2.23,0.986,0.0177
2432,45,6,2.23,0.986,0.0185
2432,47,6,2.23,0.986,0.0193
2432,49,6,2.23,0.986,0.0201
2432,51,6,2.23,0.986,0.021
2432,53,6,2.23,0.986,0.0218
2432,55,6,2.23,0.986,0.0226
2464,41,6,2.23,0.986,0.0166
2464,43,6,2.23,0.986,0.0175
2464,45,6,2.23,0.986,0.0183
2464,47,6,2.23,0.986,0.0191
2464,49,6,2.23,0.986,0.0199
2464,51,6,2.23,0.986,0.0207
2464,53,6,2.23,0.986,0.0215
2464,55,6,2.23,0.986,0.0223
2496,41,6,2.23,0.986,0.0164
2496,43,6,2.23,0.986,0.0172
2496,45,6,2.23,0.986,0.018
2496,47,6,2.23,0.986,0.0188
2496,49,6,2.23,0.986,0.0196
2496,51,6,2.23,0.986,0.0204
2496,53,6,2.23,0.986,0.0212
2496,55,6,2.23,0.986,0.022
2528,41,6,2.23,0.986,0.0162
2528,43,6,2.23,0.986,0.017
2528,45,6,2.23,0.986,0.0178
2528,47,6,2.23,0.986,0.0186
2528,49,6,2.23,0.986,0.0194
2528,51,6,2.23,0.986,0.0202
2528,53,6,2.23,0.986,0.021
2528,55,6,2.23,0.986,0.0218
2560,41,6,2.23,0.986,0.016
2560,43,6,2.23,0.986,0.0168
2560,45,6,2.23,0.986,0.0176
2560,47,6,2.23,0.986,0.0184
2560,49,6,2.23,0.986,0.0191
2560,51,6,2.23,0.986,0.0199
2560,53,6,2.23,0.986,0.0207
2560,55,6,2.23,0.986,0.0215
2592,41,6,2.23,0.986,0.0158
2592,43,6,2.23,0.986,0.0166
2592,45,6,2.23,0.986,0.0174
2592,47,6,2.23,0.986,0.0181
2592,49,6,2.23,0.986,0.0189
2592,51,6,2.23,0.986,0.0197
2592,53,6,2.23,0.986,0.0204
2592,55,6,2.23,0.986,0.0212
2624,41,6,2.23,0.986,0.0156
2624,43,6,2.23,0.986,0.0164
2624,45,6,2.23,0.986,0.0171
2624,47,6,2.23,0.986,0.0179
2624,49,6,2.23,0.986,0.0187
2624,51,6,2.23,0.986,0.0194
2624,53,6,2.23,0.986,0.0202
2624,55,6,2.23,0.986,0.021
2656,41,6,2.23,0.986,0.0154
2656,43,6,2.23,0.986,0.0162
2656,45,6,2.23,0.986,0.0169
2656,47,6,2.23,0.986,0.0177
2656,49,6,2.23,0.986,0.0184
2656,51,6,2.23,0.986,0.0192
2656,53,6,2.23,0.986,0.02
2656,55,6,2.23,0.986,0.0207
2688,41,6,2.23,0.986,0.0153
2688,43,6,2.23,0.986,0.016
2688,45,6,2.23,0.986,0.0167
2688,47,6,2.23,0.986,0.0175
2688,49,6,2.23,0.986,0.0182
2688,51,6,2.23,0.986,0.019
2688,53,6,2.23,0.986,0.0197
2688,55,6,2.23,0.986,0.0205
2720,41,6,2.23,0.986,0.0151
2720,43,6,2.23,0.986,0.0158
2720,45,6,2.23,0.986,0.0165
2720,47,6,2.23,0.986,0.0173
2720,49,6,2.23,0.986,0.018
2720,51,6,2.23,0.986,0.0187
2720,53,6,2.23,0.986,0.0195
2720,55,6,2.23,0.986,0.0202
2752,41,6,2.23,0.986,0.0149
2752,43,6,2.23,0.986,0.0156
2752,45,6,2.23,0.986,0.0164
2752,47,6,2.23,0.986,0.0171
2752,49,6,2.23,0.986,0.0178
2752,51,6,2.23,0.986,0.0185
2752,53,6,2.23,0.986,0.0193
2752,55,6,2.23,0.986,0.02
2784,41,6,2.23,0.986,0.0147
2784,43,6,2.23,0.986,0.0154
2784,45,6,2.23,0.986,0.0162
2784,47,6,2.23,0.986,0.0169
2784,49,6,2.23,0.986,0.0176
2784,51,6,2.23,0.986,0.0183
2784,53,6,2.23,0.986,0.019
2784,55,6,2.23,0.986,0.0198
2816,41,6,2.23,0.986,0.0146
2816,43,6,2.23,0.986,0.0153
2816,45,6,2.23,0.986,0.016
2816,47,6,2.23,0.986,0.0167
2816,49,6,2.23,0.986,0.0174
2816,51,6,2.23,0.986,0.0181
2816,53,6,2.23,0.986,0.0188
2816,55,6,2.23,0.986,0.0195
1824,41,6,2.39,0.9863,0.0225
1824,43,6,2.39,0.9863,0.0236
1824,45,6,2.39,0.9863,0.0247
1824,47,6,2.39,0.9863,0.0258
1824,49,6,2.39,0.9863,0.0269
1824,51,6,2.39,0.9863,0.028
1824,53,6,2.39,0.9863,0.0291
1824,55,6,2.39,0.9863,0.0302
1856,41,6,2.39,0.9863,0.0221
1856,43,6,2.39,0.9863,0.0232
1856,45,6,2.39,0.9863,0.0242
1856,47,6,2.39,0.9863,0.0253
1856,49,6,2.39,0.9863,0.0264
1856,51,6,2.39,0.9863,0.0275
1856,53,6,2.39,0.9863,0.0286
1856,55,6,2.39,0.9863,0.0296
1888,41,6,2.39,0.9863,0.0217
1888,43,6,2.39,0.9863,0.0228
1888,45,6,2.39,0.9863,0.0238
1888,47,6,2.39,0.9863,0.0249
1888,49,6,2.39,0.9863,0.026
1888,51,6,2.39,0.9863,0.027
1888,53,6,2.39,0.9863,0.0281
1888,55,6,2.39,0.9863,0.0291
1920,41,6,2.39,0.9863,0.0214
1920,43,6,2.39,0.9863,0.0224
1920,45,6,2.39,0.9863,0.0234
1920,47,6,2.39,0.9863,0.0245
1920,49,6,2.39,0.9863,0.0255
1920,51,6,2.39,0.9863,0.0266
1920,53,6,2.39,0.9863,0.0276
1920,55,6,2.39,0.9863,0.0286
1952,41,6,2.39,0.9863,0.021
1952,43,6,2.39,0.9863,0.022
1952,45,6,2.39,0.9863,0.0231
1952,47,6,2.39,0.9863,0.0241
1952,49,6,2.39,0.9863,0.0251
1952,51,6,2.39,0.9863,0.0261
1952,53,6,2.39,0.9863,0.0272
1952,55,6,2.39,0.9863,0.0282
1984,41,6,2.39,0.9863,0.0207
1984,43,6,2.39,0.9863,0.0217
1984,45,6,2.39,0.9863,0.0227
1984,47,6,2.39,0.9863,0.0237
1984,49,6,2.39,0.9863,0.0247
1984,51,6,2.39,0.9863,0.0257
1984,53,6,2.39,0.9863,0.0267
1984,55,6,2.39,0.9863,0.0277
2016,41,6,2.39,0.9863,0.0203
2016,43,6,2.39,0.9863,0.0213
2016,45,6,2.39,0.9863,0.0223
2016,47,6,2.39,0.9863,0.0233
2016,49,6,2.39,0.9863,0.0243
2016,51,6,2.39,0.9863,0.0253
2016,53,6,2.39,0.9863,0.0263
2016,55,6,2.39,0.9863,0.0273
2048,41,6,2.39,0.9863,0.02
2048,43,6,2.39,0.9863,0.021
2048,45,6,2.39,0.9863,0.022
2048,47,6,2.39,0.9863,0.0229
2048,49,6,2.39,0.9863,0.0239
2048,51,6,2.39,0.9863,0.0249
2048,53,6,2.39,0.9863,0.0259
2048,55,6,2.39,0.9863,0.0269
2080,41,6,2.39,0.9863,0.0197
2080,43,6,2.39,0.9863,0.0207
2080,45,6,2.39,0.9863,0.0216
2080,47,6,2.39,0.9863,0.0226
2080,49,6,2.39,0.9863,0.0236
2080,51,6,2.39,0.9863,0.0245
2080,53,6,2.39,0.9863,0.0255
2080,55,6,2.39,0.9863,0.0264
2112,41,6,2.39,0.9863,0.0194
2112,43,6,2.39,0.9863,0.0204
2112,45,6,2.39,0.9863,0.0213
2112,47,6,2.39,0.9863,0.0223
2112,49,6,2.39,0.9863,0.0232
2112,51,6,2.39,0.9863,0.0241
2112,53,6,2.39,0.9863,0.0251
2112,55,6,2.39,0.9863,0.026
2144,41,6,2.39,0.9863,0.0191
2144,43,6,2.39,0.9863,0.0201
2144,45,6,2.39,0.9863,0.021
2144,47,6,2.39,0.9863,0.0219
2144,49,6,2.39,0.9863,0.0229
2144,51,6,2.39,0.9863,0.0238
2144,53,6,2.39,0.9863,0.0247
2144,55,6,2.39,0.9863,0.0257
2176,41,6,2.39,0.9863,0.0188
2176,43,6,2.39,0.9863,0.0198
2176,45,6,2.39,0.9863,0.0207
2176,47,6,2.39,0.9863,0.0216
2176,49,6,2.39,0.9863,0.0225
2176,51,6,2.39,0.9863,0.0234
2176,53,6,2.39,0.9863,0.0244
2176,55,6,2.39,0.9863,0.0253
2208,41,6,2.39,0.9863,0.0186
2208,43,6,2.39,0.9863,0.0195
2208,45,6,2.39,0.9863,0.0204
2208,47,6,2.39,0.9863,0.0213
2208,49,6,2.39,0.9863,0.0222
2208,51,6,2.39,0.9863,0.0231
2208,53,6,2.39,0.9863,0.024
2208,55,6,2.39,0.9863,0.0249
2240,41,6,2.39,0.9863,0.0183
2240,43,6,2.39,0.9863,0.0192
2240,45,6,2.39,0.9863,0.0201
2240,47,6,2.39,0.9863,0.021
2240,49,6,2.39,0.9863,0.0219
2240,51,6,2.39,0.9863,0.0228
2240,53,6,2.39,0.9863,0.0237
2240,55,6,2.39,0.9863,0.0246
2272,41,6,2.39,0.9863,0.018
2272,43,6,2.39,0.9863,0.0189
2272,45,6,2.39,0.9863,0.0198
2272,47,6,2.39,0.9863,0.0207
2272,49,6,2.39,0.9863,0.0216
2272,51,6,2.39,0.9863,0.0224
2272,53,6,2.39,0.9863,0.0233
2272,55,6,2.39,0.9863,0.0242
2304,41,6,2.39,0.9863,0.0178
2304,43,6,2.39,0.9863,0.0187
2304,45,6,2.39,0.9863,0.0195
2304,47,6,2.39,0.9863,0.0204
2304,49,6,2.39,0.9863,0.0213
2304,51,6,2.39,0.9863,0.0221
2304,53,6,2.39,0.9863,0.023
2304,55,6,2.39,0.9863,0.0239
1440,41,6,2.55,0.9913,0.0285
1440,43,6,2.55,0.9913,0.0299
1440,45,6,2.55,0.9913,0.0312
1440,47,6,2.55,0.9913,0.0326
1440,49,6,2.55,0.9913,0.034
1440,51,6,2.55,0.9913,0.0354
1440,53,6,2.55,0.9913,0.0368
1440,55,6,2.55,0.9913,0.0382
1472,41,6,2.55,0.9913,0.0279
1472,43,6,2.55,0.9913,0.0292
1472,45,6,2.55,0.9913,0.0306
1472,47,6,2.55,0.9913,0.0319
1472,49,6,2.55,0.9913,0.0333
1472,51,6,2.55,0.9913,0.0346
1472,53,6,2.55,0.9913,0.036
1472,55,6,2.55,0.9913,0.0374
1504,41,6,2.55,0.9913,0.0273
1504,43,6,2.55,0.9913,0.0286
1504,45,6,2.55,0.9913,0.0299
1504,47,6,2.55,0.9913,0.0312
1504,49,6,2.55,0.9913,0.0326
1504,51,6,2.55,0.9913,0.0339
1504,53,6,2.55,0.9913,0.0352
1504,55,6,2.55,0.9913,0.0366
1536,41,6,2.55,0.9913,0.0267
1536,43,6,2.55,0.9913,0.028
1536,45,6,2.55,0.9913,0.0293
1536,47,6,2.55,0.9913,0.0306
1536,49,6,2.55,0.9913,0.0319
1536,51,6,2.55,0.9913,0.0332
1536,53,6,2.55,0.9913,0.0345
1536,55,6,2.55,0.9913,0.0358
1568,41,6,2.55,0.9913,0.0261
1568,43,6,2.55,0.9913,0.0274
1568,45,6,2.55,0.9913,0.0287
1568,47,6,2.55,0.9913,0.03
1568,49,6,2.55,0.9913,0.0312
1568,51,6,2.55,0.9913,0.0325
1568,53,6,2.55,0.9913,0.0338
1568,55,6,2.55,0.9913,0.0351
