variant,csr,prefetch,simd,pruning,heap,flat_index,M,ML,EFC,EFS,build_time_internal_ms,build_time_local_ms,queries_per_sec,avg_recall,avg_query_time_ms,avg_dists,last_query_dists,total_query_time_ms,log_file,run_index
baseline,0,0,0,0,0,0,40,17,648,888,3916.415343,3921.424356, 349.573904, 0.993140, 2.860625, 34613.232000, 26797, 28606.254316
results/ablation_20251203_143520/params_M40_ML17_EFC648_EFS888/baseline/run_20251203_143525_687.log,1,,,,,,,,,,,,,,,,,
no_csr,1,0,0,0,0,0,40,17,648,888,3759.748931,4870.292448, 185.612998, 0.993140, 5.387554, 34613.237100, 26797, 53875.537437
results/ablation_20251203_143520/params_M40_ML17_EFC648_EFS888/no_csr/run_20251203_143601_073.log,1,,,,,,,,,,,,,,,,,
no_prefetch,0,1,0,0,0,0,40,17,648,888,3776.194299,3780.962185, 288.064146, 0.993140, 3.471449, 34613.232000, 26797, 34714.490337
results/ablation_20251203_143520/params_M40_ML17_EFC648_EFS888/no_prefetch/run_20251203_143703_028.log,1,,,,,,,,,,,,,,,,,
no_simd,0,0,1,0,0,0,40,17,648,888,3716.377164,3721.114724, 338.637514, 0.993140, 2.953010, 34613.232000, 26797, 29530.101016
results/ablation_20251203_143520/params_M40_ML17_EFC648_EFS888/no_simd/run_20251203_143745_715.log,1,,,,,,,,,,,,,,,,,
no_pruning,0,0,0,1,0,0,40,17,648,888,3721.172070,3725.923666, 361.057375, 0.993140, 2.769643, 34613.232000, 26797, 27696.429120
results/ablation_20251203_143520/params_M40_ML17_EFC648_EFS888/no_pruning/run_20251203_143821_721.log,1,,,,,,,,,,,,,,,,,
heap,0,0,0,0,1,0,40,17,648,888,3719.388224,3724.152615, 345.341569, 0.993140, 2.895684, 34613.232000, 26797, 28956.838343
results/ablation_20251203_143520/params_M40_ML17_EFC648_EFS888/heap/run_20251203_143855_890.log,1,,,,,,,,,,,,,,,,,
dynamic_struct,0,0,0,0,0,1,40,17,648,888,3765.943947,3770.872146, 296.862107, 0.993140, 3.368567, 34613.232000, 26797, 33685.673492
results/ablation_20251203_143520/params_M40_ML17_EFC648_EFS888/dynamic_struct/run_20251203_143931_328.log,1,,,,,,,,,,,,,,,,,
nothing,1,1,1,1,1,0,40,17,648,888,3674.400872,4735.487223, 190.272294, 0.993140, 5.255626, 34613.237100, 26797, 52556.259075
results/ablation_20251203_143520/params_M40_ML17_EFC648_EFS888/nothing/run_20251203_144012_037.log,1,,,,,,,,,,,,,,,,,
baseline,0,0,0,0,0,0,34,15,434,1196,3559.185347,3564.372456, 313.338597, 0.993330, 3.191436, 37548.978300, 29277, 31914.357470
results/ablation_20251203_143520/params_M34_ML15_EFC434_EFS1196/baseline/run_20251203_144113_533.log,1,,,,,,,,,,,,,,,,,
no_csr,1,0,0,0,0,0,34,15,434,1196,3577.871995,4635.199377, 151.917449, 0.993330, 6.582522, 37548.978300, 29277, 65825.223341
results/ablation_20251203_143520/params_M34_ML15_EFC434_EFS1196/no_csr/run_20251203_144151_817.log,1,,,,,,,,,,,,,,,,,
no_prefetch,0,1,0,0,0,0,34,15,434,1196,3610.144894,3615.877295, 252.717314, 0.993330, 3.956990, 37548.978300, 29277, 39569.904636
results/ablation_20251203_143520/params_M34_ML15_EFC434_EFS1196/no_prefetch/run_20251203_144305_399.log,1,,,,,,,,,,,,,,,,,
no_simd,0,0,1,0,0,0,34,15,434,1196,3544.694726,3549.680236, 312.003147, 0.993330, 3.205096, 37548.978300, 29277, 32050.958808
results/ablation_20251203_143520/params_M34_ML15_EFC434_EFS1196/no_simd/run_20251203_144352_945.log,1,,,,,,,,,,,,,,,,,
no_pruning,0,0,0,1,0,0,34,15,434,1196,3912.701105,3918.449767, 320.701431, 0.993330, 3.118165, 37548.978300, 29277, 31181.650728
results/ablation_20251203_143520/params_M34_ML15_EFC434_EFS1196/no_pruning/run_20251203_144431_314.log,1,,,,,,,,,,,,,,,,,
heap,0,0,0,0,1,0,34,15,434,1196,3497.221046,3501.898062, 327.192520, 0.993330, 3.056305, 37548.978300, 29277, 30563.045881
results/ablation_20251203_143520/params_M34_ML15_EFC434_EFS1196/heap/run_20251203_144509_615.log,1,,,,,,,,,,,,,,,,,
dynamic_struct,0,0,0,0,0,1,34,15,434,1196,3530.497864,3535.824086, 294.945719, 0.993330, 3.390454, 37548.978300, 29277, 33904.543637
results/ablation_20251203_143520/params_M34_ML15_EFC434_EFS1196/dynamic_struct/run_20251203_144546_438.log,1,,,,,,,,,,,,,,,,,
nothing,1,1,1,1,1,0,34,15,434,1196,3501.309982,4611.327496, 174.609785, 0.993330, 5.727056, 37548.978300, 29277, 57270.558989
results/ablation_20251203_143520/params_M34_ML15_EFC434_EFS1196/nothing/run_20251203_144626_896.log,1,,,,,,,,,,,,,,,,,
baseline,0,0,0,0,0,0,50,20,927,1960,1767688.386084,1772564.736751, 154.654548, 0.999190, 6.466024, 80577.690600, 56214, 64660.238791
results/ablation_20251203_143520/params_M50_ML20_EFC927_EFS1960/baseline/run_20251203_144733_087.log,1,,,,,,,,,,,,,,,,,
no_csr,1,0,0,0,0,0,50,20,927,1960,4016.680518,5407.703350, 78.799351, 0.999190, 12.690460, 80577.690600, 56214, 126904.597979
results/ablation_20251203_143520/params_M50_ML20_EFC927_EFS1960/no_csr/run_20251203_151813_394.log,1,,,,,,,,,,,,,,,,,
no_prefetch,0,1,0,0,0,0,50,20,927,1960,3976.945904,3982.658117, 119.194035, 0.999190, 8.389682, 80577.690600, 56214, 83896.815755
results/ablation_20251203_143520/params_M50_ML20_EFC927_EFS1960/no_prefetch/run_20251203_152030_395.log,1,,,,,,,,,,,,,,,,,
no_simd,0,0,1,0,0,0,50,20,927,1960,4143.027664,4149.462393, 146.514013, 0.999190, 6.825286, 80577.690600, 56214, 68252.857160
results/ablation_20251203_143520/params_M50_ML20_EFC927_EFS1960/no_simd/run_20251203_152203_101.log,1,,,,,,,,,,,,,,,,,
no_pruning,0,0,0,1,0,0,50,20,927,1960,4034.097914,4039.961343, 153.140723, 0.999190, 6.529942, 80577.690600, 56214, 65299.417464
results/ablation_20251203_143520/params_M50_ML20_EFC927_EFS1960/no_pruning/run_20251203_152319_984.log,1,,,,,,,,,,,,,,,,,
heap,0,0,0,0,1,0,50,20,927,1960,4206.534611,4212.300677, 131.521731, 0.999190, 7.603306, 80577.690600, 56214, 76033.062769
results/ablation_20251203_143520/params_M50_ML20_EFC927_EFS1960/heap/run_20251203_152432_328.log,1,,,,,,,,,,,,,,,,,
dynamic_struct,0,0,0,0,0,1,50,20,927,1960,3962.662669,3967.657235, 156.380954, 0.999190, 6.394641, 80577.690600, 56214, 63946.406023
results/ablation_20251203_143520/params_M50_ML20_EFC927_EFS1960/dynamic_struct/run_20251203_152555_865.log,1,,,,,,,,,,,,,,,,,
nothing,1,1,1,1,1,0,50,20,927,1960,3866.805231,5006.638787, 75.197944, 0.999190, 13.298236, 80577.690600, 56214, 132982.359328
results/ablation_20251203_143520/params_M50_ML20_EFC927_EFS1960/nothing/run_20251203_152708_500.log,1,,,,,,,,,,,,,,,,,
baseline,0,0,0,0,0,0,35,6,749,1955,1278006.913969,1283105.572475, 175.423642, 0.998510, 5.700486, 65584.136100, 48857, 57004.859290
results/ablation_20251203_143520/params_M35_ML6_EFC749_EFS1955/baseline/run_20251203_152929_683.log,1,,,,,,,,,,,,,,,,,
no_csr,1,0,0,0,0,0,35,6,749,1955,4147.935564,5361.154969, 85.978452, 0.998510, 11.630821, 65584.137500, 48857, 116308.212094
results/ablation_20251203_143520/params_M35_ML6_EFC749_EFS1955/no_csr/run_20251203_155154_542.log,1,,,,,,,,,,,,,,,,,
no_prefetch,0,1,0,0,0,0,35,6,749,1955,3856.948700,3862.062099, 140.798818, 0.998510, 7.102332, 65584.136100, 48857, 71023.323451
results/ablation_20251203_143520/params_M35_ML6_EFC749_EFS1955/no_prefetch/run_20251203_155400_698.log,1,,,,,,,,,,,,,,,,,
no_simd,0,0,1,0,0,0,35,6,749,1955,3576.349963,3581.047927, 166.528924, 0.998510, 6.004963, 65584.136100, 48857, 60049.628539
results/ablation_20251203_143520/params_M35_ML6_EFC749_EFS1955/no_simd/run_20251203_155520_219.log,1,,,,,,,,,,,,,,,,,
no_pruning,0,0,0,1,0,0,35,6,749,1955,3681.637903,3686.578086, 166.862264, 0.998510, 5.992967, 65584.136100, 48857, 59929.667411
results/ablation_20251203_143520/params_M35_ML6_EFC749_EFS1955/no_pruning/run_20251203_155626_916.log,1,,,,,,,,,,,,,,,,,
heap,0,0,0,0,1,0,35,6,749,1955,4005.939398,4010.575134, 182.933517, 0.998510, 5.466467, 65584.136100, 48857, 54664.668057
results/ablation_20251203_143520/params_M35_ML6_EFC749_EFS1955/heap/run_20251203_155733_668.log,1,,,,,,,,,,,,,,,,,
dynamic_struct,0,0,0,0,0,1,35,6,749,1955,3587.472242,3592.232374, 167.017146, 0.998510, 5.987409, 65584.136100, 48857, 59874.092166
results/ablation_20251203_143520/params_M35_ML6_EFC749_EFS1955/dynamic_struct/run_20251203_155836_933.log,1,,,,,,,,,,,,,,,,,
nothing,1,1,1,1,1,0,35,6,749,1955,3613.818512,4632.420196, 88.194474, 0.998510, 11.338579, 65584.137500, 48857, 113385.789314
results/ablation_20251203_143520/params_M35_ML6_EFC749_EFS1955/nothing/run_20251203_155943_243.log,1,,,,,,,,,,,,,,,,,
baseline,0,0,0,0,0,0,61,18,165,560,194247.564505,198940.618440, 757.944291, 0.960240, 1.319358, 14491.309600, 12633, 13193.581788
results/ablation_20251203_143520/params_M61_ML18_EFC165_EFS560/baseline/run_20251203_160144_459.log,1,,,,,,,,,,,,,,,,,
no_csr,1,0,0,0,0,0,61,18,165,560,3149.704887,4535.969564, 455.712979, 0.960240, 2.194364, 14491.307400, 12633, 21943.636608
results/ablation_20251203_143520/params_M61_ML18_EFC165_EFS560/no_csr/run_20251203_160521_271.log,1,,,,,,,,,,,,,,,,,
no_prefetch,0,1,0,0,0,0,61,18,165,560,3343.687467,3348.951220, 579.394123, 0.960240, 1.725941, 14491.309600, 12633, 17259.408757
results/ablation_20251203_143520/params_M61_ML18_EFC165_EFS560/no_prefetch/run_20251203_160552_115.log,1,,,,,,,,,,,,,,,,,
no_simd,0,0,1,0,0,0,61,18,165,560,3141.212990,3146.079445, 650.682279, 0.960240, 1.536848, 14491.309600, 12633, 15368.483692
results/ablation_20251203_143520/params_M61_ML18_EFC165_EFS560/no_simd/run_20251203_160615_676.log,1,,,,,,,,,,,,,,,,,
no_pruning,0,0,0,1,0,0,61,18,165,560,3579.192191,3583.880899, 765.933033, 0.960240, 1.305597, 14491.309600, 12633, 13055.971696
results/ablation_20251203_143520/params_M61_ML18_EFC165_EFS560/no_pruning/run_20251203_160637_505.log,1,,,,,,,,,,,,,,,,,
heap,0,0,0,0,1,0,61,18,165,560,2980.923442,2985.964083, 763.627703, 0.960240, 1.309539, 14491.309600, 12633, 13095.386619
results/ablation_20251203_143520/params_M61_ML18_EFC165_EFS560/heap/run_20251203_160659_306.log,1,,,,,,,,,,,,,,,,,
dynamic_struct,0,0,0,0,0,1,61,18,165,560,3136.880292,3142.096094, 699.989441, 0.960240, 1.428593, 14491.309600, 12633, 14285.929774
results/ablation_20251203_143520/params_M61_ML18_EFC165_EFS560/dynamic_struct/run_20251203_160718_232.log,1,,,,,,,,,,,,,,,,,
nothing,1,1,1,1,1,0,61,18,165,560,3125.060917,4552.400889, 424.880821, 0.960240, 2.353601, 14491.307400, 12633, 23536.011749
results/ablation_20251203_143520/params_M61_ML18_EFC165_EFS560/nothing/run_20251203_160738_656.log,1,,,,,,,,,,,,,,,,,
baseline,0,0,0,0,0,0,43,14,130,1355,150018.508657,154462.524475, 341.302869, 0.979280, 2.929949, 27299.433000, 22455, 29299.490046
results/ablation_20251203_143520/params_M43_ML14_EFC130_EFS1355/baseline/run_20251203_160809_754.log,1,,,,,,,,,,,,,,,,,
no_csr,1,0,0,0,0,0,43,14,130,1355,3344.083022,4526.132083, 212.491510, 0.979280, 4.706070, 27299.434600, 22455, 47060.703805
results/ablation_20251203_143520/params_M43_ML14_EFC130_EFS1355/no_csr/run_20251203_161116_782.log,1,,,,,,,,,,,,,,,,,
no_prefetch,0,1,0,0,0,0,43,14,130,1355,2952.669465,2957.407199, 317.727196, 0.979280, 3.147354, 27299.433000, 22455, 31473.541248
results/ablation_20251203_143520/params_M43_ML14_EFC130_EFS1355/no_prefetch/run_20251203_161212_822.log,1,,,,,,,,,,,,,,,,,
no_simd,0,0,1,0,0,0,43,14,130,1355,3009.762756,3014.630762, 320.262284, 0.979280, 3.122441, 27299.433000, 22455, 31224.407323
results/ablation_20251203_143520/params_M43_ML14_EFC130_EFS1355/no_simd/run_20251203_161250_247.log,1,,,,,,,,,,,,,,,,,
no_pruning,0,0,0,1,0,0,43,14,130,1355,2997.526667,3000.735456, 390.268779, 0.979280, 2.562337, 27299.433000, 22455, 25623.366617
results/ablation_20251203_143520/params_M43_ML14_EFC130_EFS1355/no_pruning/run_20251203_161327_628.log,1,,,,,,,,,,,,,,,,,
heap,0,0,0,0,1,0,43,14,130,1355,2977.179844,2981.888948, 407.602505, 0.979280, 2.453371, 27299.433000, 22455, 24533.705952
results/ablation_20251203_143520/params_M43_ML14_EFC130_EFS1355/heap/run_20251203_161400_793.log,1,,,,,,,,,,,,,,,,,
dynamic_struct,0,0,0,0,0,1,43,14,130,1355,2853.570500,2858.307998, 401.477467, 0.979280, 2.490800, 27299.433000, 22455, 24907.998163
results/ablation_20251203_143520/params_M43_ML14_EFC130_EFS1355/dynamic_struct/run_20251203_161431_167.log,1,,,,,,,,,,,,,,,,,
nothing,1,1,1,1,1,0,43,14,130,1355,2832.716465,3893.222853, 209.653201, 0.979280, 4.769782, 27299.434600, 22455, 47697.816926
results/ablation_20251203_143520/params_M43_ML14_EFC130_EFS1355/nothing/run_20251203_161501_764.log,1,,,,,,,,,,,,,,,,,
baseline,0,0,0,0,0,0,48,17,222,1767,,,,,,,,
results/ablation_20251203_143520/params_M48_ML17_EFC222_EFS1767/baseline/run_20251203_162126_250.log,1,,,,,,,,,,,,,,,,,
no_csr,1,0,0,0,0,0,48,17,222,1767,,,,,,,,
results/ablation_20251203_143520/params_M48_ML17_EFC222_EFS1767/no_csr/run_20251203_162153_621.log,1,,,,,,,,,,,,,,,,,
no_prefetch,0,1,0,0,0,0,48,17,222,1767,3750.201074,3755.070843, 201.443604, 0.993200, 4.964169, 44568.882900, 33245, 49641.685209
results/ablation_20251203_143520/params_M48_ML17_EFC222_EFS1767/no_prefetch/run_20251203_162323_986.log,1,,,,,,,,,,,,,,,,,
no_simd,0,0,1,0,0,0,48,17,222,1767,2999.717154,3004.460746, 248.851251, 0.993200, 4.018465, 44568.882900, 33245, 40184.648257
results/ablation_20251203_143520/params_M48_ML17_EFC222_EFS1767/no_simd/run_20251203_162421_680.log,1,,,,,,,,,,,,,,,,,
no_pruning,0,0,0,1,0,0,48,17,222,1767,3078.127368,3082.755691, 223.716278, 0.993200, 4.469947, 44568.882900, 33245, 44699.474117
results/ablation_20251203_143520/params_M48_ML17_EFC222_EFS1767/no_pruning/run_20251203_162507_968.log,1,,,,,,,,,,,,,,,,,
heap,0,0,0,0,1,0,48,17,222,1767,,,,,,,,
results/ablation_20251203_143520/params_M48_ML17_EFC222_EFS1767/heap/run_20251203_162628_691.log,1,,,,,,,,,,,,,,,,,
dynamic_struct,0,0,0,0,0,1,48,17,222,1767,,,,,,,,
results/ablation_20251203_143520/params_M48_ML17_EFC222_EFS1767/dynamic_struct/run_20251203_162653_162.log,1,,,,,,,,,,,,,,,,,
nothing,1,1,1,1,1,0,48,17,222,1767,3022.180745,4168.476178, 138.067332, 0.993200, 7.242843, 44568.887900, 33245, 72428.429442
results/ablation_20251203_143520/params_M48_ML17_EFC222_EFS1767/nothing/run_20251203_162732_279.log,1,,,,,,,,,,,,,,,,,
