STAMP,NUM_CENTROIDS,KMEANS_ITER,NPROBE,ELAPSED_s,RECALL,AVG_QUERY_TIME_ms,INDEX_BUILD_TIME_s
c1536_i16_p64,1536,16,64,35,0.9043,2.34,19
c1600_i16_p64,1600,16,64,38,0.9028,2.27,20
c1800_i16_p64,1800,16,64,34,0.8980,1.47,20
c2048_i16_p64,2048,16,64,37,0.8911,1.24,23
c2200_i16_p64,2200,16,64,38,0.8866,1.50,23
c2560_i16_p64,2560,16,64,40,0.8816,1.22,26
c3072_i16_p64,3072,16,64,54,0.8756,2.05,39
c4096_i16_p64,4096,16,64,62,0.8583,0.08,48
c5120_i16_p64,5120,16,64,70,0.8508,0.92,57
c6144_i16_p64,6144,16,64,83,0.8425,0.90,68
c7000_i16_p64,7000,16,64,91,0.8350,0.91,78
c1536_i16_p80,1536,16,80,32,0.9173,1.83,18
c1600_i16_p80,1600,16,80,33,0.9171,1.75,18
c1800_i16_p80,1800,16,80,33,0.9117,1.63,19
c2048_i16_p80,2048,16,80,38,0.9052,1.56,22
c2200_i16_p80,2200,16,80,39,0.8997,1.47,24
c2560_i16_p80,2560,16,80,42,0.8970,1.35,27
c3072_i16_p80,3072,16,80,47,0.8895,1.19,33
c4096_i16_p80,4096,16,80,59,0.8748,1.10,44
c5120_i16_p80,5120,16,80,72,0.8672,1.20,56
c6144_i16_p80,6144,16,80,85,0.8564,1.09,70
c7000_i16_p80,7000,16,80,95,0.8511,1.34,81
c8192_i16_p80,8192,16,80,108,0.8466,1.20,94
c10240_i16_p80,10240,16,80,133,0.8327,1.08,118
c1536_i16_p90,1536,16,90,33,0.9226,2.05,18
c1600_i16_p90,1600,16,90,33,0.9230,2.09,19
c1800_i16_p90,1800,16,90,36,0.9181,1.91,20
c2048_i16_p90,2048,16,90,42,0.9134,1.78,26
c2200_i16_p90,2200,16,90,38,0.9078,1.62,24
c2560_i16_p90,2560,16,90,43,0.9035,1.63,28
c3072_i16_p90,3072,16,90,52,0.8959,1.40,35
c4096_i16_p90,4096,16,90,61,0.8820,1.25,47
c5120_i16_p90,5120,16,90,73,0.8730,1.13,60
c6144_i16_p90,6144,16,90,85,0.8633,1.21,70
c7000_i16_p90,7000,16,90,96,0.8596,1.19,80
c8192_i16_p64,8192,16,64,108,0.8282,1.03,92
c10240_i16_p90,10240,16,90,138,0.8425,1.12,122
c1536_i16_p100,1536,16,100,33,0.9271,1.00,19
c1600_i16_p100,1600,16,100,35,0.9267,2.35,18
c1800_i16_p100,1800,16,100,36,0.9238,2.00,20
c2048_i16_p100,2048,16,100,38,0.9188,1.84,24
c2200_i16_p100,2200,16,100,40,0.9143,1.71,24
c2560_i16_p100,2560,16,100,42,0.9107,1.68,28
c3072_i16_p100,3072,16,100,54,0.9038,1.55,38
c4096_i16_p100,4096,16,100,64,0.8893,1.52,50
c5120_i16_p100,5120,16,100,74,0.8805,Average query time: -0.16 ms,61
c6144_i16_p100,6144,16,100,87,0.8717,1.28,73
c7000_i16_p100,7000,16,100,98,0.8667,1.21,82
c8192_i16_p100,8192,16,100,119,0.8605,1.68,102
c10240_i16_p100,10240,16,100,137,0.8513,1.20,121
c1536_i16_p120,1536,16,120,33,0.9373,2.59,17
c1600_i16_p120,1600,16,120,34,0.9360,2.45,17
c1800_i16_p120,1800,16,120,36,0.9320,2.27,20
c2048_i16_p120,2048,16,120,39,0.9289,2.29,23
c2200_i16_p120,2200,16,120,40,0.9245,2.05,24
c2560_i16_p120,2560,16,120,44,0.9196,1.80,28
c3072_i16_p120,3072,16,120,51,0.9140,1.74,35
c4096_i16_p120,4096,16,120,67,0.8996,1.82,52
c5120_i16_p120,5120,16,120,77,0.8917,1.27,62
c6144_i16_p120,6144,16,120,84,0.8821,1.32,69
c7000_i16_p120,7000,16,120,93,0.8784,1.26,79
c8192_i16_p120,8192,16,120,107,0.8714,1.13,92
c10240_i16_p120,10240,16,120,129,0.8618,1.18,115
c1536_i16_p128,1536,16,128,32,0.9409,2.52,16
c1600_i16_p128,1600,16,128,33,0.9400,2.53,17
c1800_i16_p128,1800,16,128,36,0.9355,2.51,22
c2048_i16_p128,2048,16,128,39,0.9326,2.47,24
c2200_i16_p128,2200,16,128,41,0.9286,2.28,24
c2560_i16_p128,2560,16,128,43,0.9232,2.05,29
c3072_i16_p128,3072,16,128,50,0.9175,1.67,35
c4096_i16_p128,4096,16,128,61,0.9044,1.49,48
c5120_i16_p128,5120,16,128,79,0.8962,1.54,62
c6144_i16_p128,6144,16,128,84,0.8851,1.20,68
c7000_i16_p128,7000,16,128,91,0.8826,1.22,76
c8192_i16_p128,8192,16,128,126,0.8746,1.65,109
c10240_i16_p128,10240,16,128,135,0.8664,1.47,119
c4200_i16_p64,4200,16,64,65,0.8601,1.36,50
c4500_i16_p64,4500,16,64,76,0.8541,2.12,60
c4800_i16_p64,4800,16,64,78,0.8534,1.55,59
c6000_i16_p64,6000,16,64,87,0.8442,1.16,71
c6666_i16_p64,6666,16,64,92,0.8358,0.20,77
c10240_i16_p64,10240,16,64,138,0.8183,1.07,122
c1536_i16_p68,1536,16,68,36,0.9082,2.33,18
c1600_i16_p68,1600,16,68,36,0.9070,2.48,18
c1800_i16_p68,1800,16,68,36,0.9017,1.79,20
c2048_i16_p68,2048,16,68,38,0.8946,0.58,24
c2200_i16_p68,2200,16,68,41,0.8899,1.52,24
c2560_i16_p68,2560,16,68,45,0.8855,1.35,29
c3072_i16_p68,3072,16,68,52,0.8800,1.33,35
c4096_i16_p68,4096,16,68,63,0.8632,1.51,46
c4200_i16_p68,4200,16,68,65,0.8650,1.14,49
c4500_i16_p68,4500,16,68,70,0.8591,1.24,54
c4800_i16_p68,4800,16,68,77,0.8573,1.48,61
c5120_i16_p68,5120,16,68,77,0.8542,1.54,63
c6000_i16_p68,6000,16,68,89,0.8488,1.07,71
c6144_i16_p68,6144,16,68,87,0.8470,1.12,72
c6666_i16_p68,6666,16,68,90,0.8404,0.99,76
c7000_i16_p68,7000,16,68,103,0.8395,1.14,89
c1536_i16_p72,1536,16,72,33,0.9108,1.77,16
c1600_i16_p72,1600,16,72,35,0.9112,2.03,19
c1800_i16_p72,1800,16,72,35,0.9049,1.62,19
c2048_i16_p72,2048,16,72,36,0.8992,1.55,21
c2200_i16_p72,2200,16,72,41,0.8934,1.42,26
c2560_i16_p72,2560,16,72,42,0.8894,1.62,28
c3072_i16_p72,3072,16,72,51,0.8837,1.23,36
c4096_i16_p72,4096,16,72,67,0.8673,1.24,51
c4200_i16_p72,4200,16,72,65,0.8688,1.31,49
c4500_i16_p72,4500,16,72,67,0.8635,1.10,52
c4800_i16_p72,4800,16,72,76,0.8611,1.25,61
c5120_i16_p72,5120,16,72,81,0.8595,1.15,64
c6000_i16_p72,6000,16,72,92,0.8525,1.04,77
c6144_i16_p72,6144,16,72,94,0.8508,1.03,79
c6666_i16_p72,6666,16,72,93,0.8444,0.99,79
c7000_i16_p72,7000,16,72,99,0.8447,1.34,85
c8192_i16_p72,8192,16,72,107,0.8382,0.99,92
c10240_i16_p72,10240,16,72,128,0.8261,1.03,114
c4200_i16_p80,4200,16,80,69,0.8755,1.16,53
c4500_i16_p80,4500,16,80,63,0.8711,1.08,50
c4800_i16_p80,4800,16,80,71,0.8682,1.07,55
c6000_i16_p80,6000,16,80,85,0.8593,1.16,71
c6666_i16_p80,6666,16,80,93,0.8504,1.11,77
c11451_i16_p80,11451,16,80,149,0.8268,1.11,135
c1536_i16_p84,1536,16,84,34,0.9197,2.02,17
c1600_i16_p84,1600,16,84,36,0.9201,2.22,20
c1800_i16_p84,1800,16,84,34,0.9149,1.86,19
c2048_i16_p84,2048,16,84,40,0.9083,1.67,24
c2200_i16_p84,2200,16,84,42,0.9030,1.64,25
c2560_i16_p84,2560,16,84,44,0.8993,1.50,29
c3072_i16_p84,3072,16,84,50,0.8919,1.32,34
c4096_i16_p84,4096,16,84,61,0.8775,1.17,45
c4200_i16_p84,4200,16,84,66,0.8782,1.24,50
c4500_i16_p84,4500,16,84,66,0.8743,1.15,52
c4800_i16_p84,4800,16,84,69,0.8707,1.11,53
c5120_i16_p84,5120,16,84,73,0.8695,1.11,58
c6000_i16_p84,6000,16,84,81,0.8621,1.07,68
c6144_i16_p84,6144,16,84,89,0.8594,1.14,73
c6666_i16_p84,6666,16,84,91,0.8530,1.08,75
c11451_i16_p64,11451,16,64,181,0.8107,1.17,166
c8192_i16_p68,8192,16,68,137,0.8341,1.35,121
c11451_i16_p72,11451,16,72,181,0.8201,1.08,165
c8192_i16_p84,8192,16,84,136,0.8494,1.07,120
c10240_i16_p84,10240,16,84,162,0.8361,1.44,148
c11451_i16_p84,11451,16,84,182,0.8305,1.31,166
c4200_i16_p90,4200,16,90,76,0.8840,Average query time: -0.18 ms,61
c4500_i16_p90,4500,16,90,84,0.8795,1.68,67
c4800_i16_p90,4800,16,90,87,0.8752,1.28,72
c6000_i16_p90,6000,16,90,100,0.8674,1.32,85
c6666_i16_p90,6666,16,90,109,0.8573,1.10,95
c11451_i16_p90,11451,16,90,174,0.8377,1.36,160
c1536_i16_p96,1536,16,96,39,0.9254,2.31,23
c1600_i16_p96,1600,16,96,39,0.9249,2.31,22
c1800_i16_p96,1800,16,96,41,0.9212,1.92,26
c2048_i16_p96,2048,16,96,44,0.9170,0.44,31
c10240_i16_p68,10240,16,68,163,0.8220,1.10,146
c2300_i16_p64,2300,16,64,54,0.8836,1.27,26
c2400_i16_p64,2400,16,64,42,0.8823,1.22,27
c2500_i16_p64,2500,16,64,43,0.8822,1.30,29
c2600_i16_p64,2600,16,64,44,0.8817,1.24,29
c2700_i16_p64,2700,16,64,44,0.8776,1.18,30
c2888_i16_p64,2888,16,64,46,0.8759,1.14,32
c2960_i16_p64,2960,16,64,47,0.8738,1.13,33
c3076_i16_p64,3076,16,64,48,0.8745,1.14,34
c3200_i16_p64,3200,16,64,58,0.8707,1.24,40
c3400_i16_p64,3400,16,64,52,0.8714,1.05,38
c3600_i16_p64,3600,16,64,55,0.8693,1.04,40
c4000_i16_p64,4000,16,64,62,0.8642,1.00,46
c4242_i16_p64,4242,16,64,63,0.8614,0.97,48
c2048_i16_p66,2048,16,66,38,0.8930,1.61,23
c2200_i16_p66,2200,16,66,48,0.8887,1.56,29
c2300_i16_p66,2300,16,66,40,0.8853,1.24,26
c2400_i16_p66,2400,16,66,42,0.8837,1.26,27
c2500_i16_p66,2500,16,66,42,0.8842,1.18,27
c2560_i16_p66,2560,16,66,44,0.8832,1.31,29
c5000_i16_p64,5000,16,64,79,0.8544,1.19,61
c5600_i16_p64,5600,16,64,78,0.8493,1.01,64
c5800_i16_p64,5800,16,64,80,0.8447,0.96,66
c2600_i16_p66,2600,16,66,44,0.8836,1.25,29
c2700_i16_p66,2700,16,66,45,0.8795,1.27,30
c2888_i16_p66,2888,16,66,47,0.8776,1.28,33
c2960_i16_p66,2960,16,66,49,0.8761,1.16,34
c3076_i16_p66,3076,16,66,49,0.8763,1.11,34
c3200_i16_p66,3200,16,66,51,0.8725,1.16,36
c3400_i16_p66,3400,16,66,53,0.8730,1.03,39
c3600_i16_p66,3600,16,66,56,0.8710,1.09,41
c4000_i16_p66,4000,16,66,69,0.8668,1.41,51
c4200_i16_p66,4200,16,66,63,0.8612,1.07,48
c4242_i16_p66,4242,16,66,63,0.8634,1.32,48
c4800_i16_p66,4800,16,66,70,0.8548,0.99,55
c5000_i16_p66,5000,16,66,71,0.8561,0.97,57
c5600_i16_p66,5600,16,66,78,0.8510,0.95,63
c5800_i16_p66,5800,16,66,80,0.8463,0.93,66
c6000_i16_p66,6000,16,66,81,0.8471,0.90,67
c6400_i16_p66,6400,16,66,85,0.8407,0.90,72
c6600_i16_p66,6600,16,66,90,0.8407,0.95,75
c2300_i16_p68,2300,16,68,40,0.8861,1.35,25
c2400_i16_p68,2400,16,68,41,0.8851,1.20,26
c2500_i16_p68,2500,16,68,42,0.8865,1.17,27
c2600_i16_p68,2600,16,68,46,0.8855,1.25,31
c2700_i16_p68,2700,16,68,46,0.8821,1.24,31
c2888_i16_p68,2888,16,68,50,0.8797,1.26,34
c2960_i16_p68,2960,16,68,50,0.8772,1.39,35
c3076_i16_p68,3076,16,68,50,0.8783,1.16,35
c3200_i16_p68,3200,16,68,51,0.8739,1.15,36
c3400_i16_p68,3400,16,68,54,0.8746,1.13,38
c3600_i16_p68,3600,16,68,63,0.8737,1.29,44
c4000_i16_p68,4000,16,68,60,0.8690,1.05,45
c4242_i16_p68,4242,16,68,64,0.8648,1.07,48
c5000_i16_p68,5000,16,68,72,0.8581,0.96,58
c5600_i16_p68,5600,16,68,81,0.8537,1.08,66
c5800_i16_p68,5800,16,68,83,0.8485,1.30,68
c6400_i16_p68,6400,16,68,89,0.8433,0.98,74
c6600_i16_p68,6600,16,68,94,0.8433,0.97,79
c2048_i16_p70,2048,16,70,39,0.8967,1.44,23
c2200_i16_p70,2200,16,70,46,0.8915,1.42,26
c2300_i16_p70,2300,16,70,41,0.8875,1.39,26
c2400_i16_p70,2400,16,70,43,0.8874,1.28,27
c2500_i16_p70,2500,16,70,42,0.8882,1.22,27
c6400_i16_p64,6400,16,64,81,0.8388,0.81,68
c6600_i16_p64,6600,16,64,86,0.8385,0.81,70
c2560_i16_p70,2560,16,70,49,0.8876,1.26,32
c2600_i16_p70,2600,16,70,42,0.8870,1.08,28
c2700_i16_p70,2700,16,70,42,0.8844,1.04,29
c2888_i16_p70,2888,16,70,47,0.8817,1.03,30
c2960_i16_p70,2960,16,70,45,0.8783,0.98,32
c3076_i16_p70,3076,16,70,47,0.8805,0.96,33
c3200_i16_p70,3200,16,70,48,0.8749,0.94,33
c3400_i16_p70,3400,16,70,52,0.8763,0.92,37
c3600_i16_p70,3600,16,70,51,0.8751,0.90,38
c4000_i16_p70,4000,16,70,55,0.8711,0.89,41
c4200_i16_p70,4200,16,70,59,0.8669,0.86,46
c4242_i16_p70,4242,16,70,59,0.8672,0.84,44
c4800_i16_p70,4800,16,70,73,0.8585,1.05,56
c5000_i16_p70,5000,16,70,64,0.8606,0.84,51
c5600_i16_p70,5600,16,70,72,0.8556,0.82,57
c5800_i16_p70,5800,16,70,74,0.8499,0.82,58
c6000_i16_p70,6000,16,70,76,0.8519,0.81,63
c6400_i16_p70,6400,16,70,87,0.8464,0.90,69
c6600_i16_p70,6600,16,70,82,0.8458,0.79,69
c2300_i16_p72,2300,16,72,38,0.8895,1.18,22
c2400_i16_p72,2400,16,72,37,0.8885,1.19,23
c2500_i16_p72,2500,16,72,39,0.8900,1.10,25
c2600_i16_p72,2600,16,72,46,0.8892,1.15,31
c2700_i16_p72,2700,16,72,42,0.8857,1.06,28
c2888_i16_p72,2888,16,72,46,0.8832,1.04,30
c2960_i16_p72,2960,16,72,44,0.8800,1.01,31
c3076_i16_p72,3076,16,72,48,0.8820,1.02,32
c3200_i16_p72,3200,16,72,46,0.8765,0.98,33
c3400_i16_p72,3400,16,72,48,0.8785,0.95,35
c3600_i16_p72,3600,16,72,50,0.8768,0.94,37
c4000_i16_p72,4000,16,72,55,0.8728,0.97,41
c4242_i16_p72,4242,16,72,59,0.8692,0.88,46
c5000_i16_p72,5000,16,72,64,0.8615,0.91,50
c5600_i16_p72,5600,16,72,71,0.8566,0.82,58
c5800_i16_p72,5800,16,72,77,0.8519,0.89,61
c6400_i16_p72,6400,16,72,81,0.8477,0.84,67
c6600_i16_p72,6600,16,72,84,0.8482,0.88,69
c2048_i16_p74,2048,16,74,36,0.9004,1.23,22
c2200_i16_p74,2200,16,74,36,0.8956,1.19,23
c2300_i16_p74,2300,16,74,39,0.8906,1.17,24
c2400_i16_p74,2400,16,74,38,0.8897,1.14,22
c2500_i16_p74,2500,16,74,40,0.8914,1.12,26
c2560_i16_p74,2560,16,74,40,0.8919,1.10,27
c2600_i16_p74,2600,16,74,40,0.8907,1.09,28
c2700_i16_p74,2700,16,74,44,0.8871,1.08,28
c2888_i16_p74,2888,16,74,43,0.8839,1.04,30
c2960_i16_p74,2960,16,74,50,0.8814,1.04,32
c3076_i16_p74,3076,16,74,44,0.8840,1.02,30
c3200_i16_p74,3200,16,74,45,0.8782,0.96,32
c3400_i16_p74,3400,16,74,48,0.8800,0.97,35
c3600_i16_p74,3600,16,74,53,0.8781,0.94,37
c4000_i16_p74,4000,16,74,57,0.8749,0.91,41
c4200_i16_p74,4200,16,74,60,0.8709,0.89,44
c4242_i16_p74,4242,16,74,59,0.8708,0.90,46
c4800_i16_p74,4800,16,74,64,0.8636,0.86,48
c5000_i16_p74,5000,16,74,64,0.8626,0.86,52
c5600_i16_p74,5600,16,74,77,0.8582,0.85,61
c5800_i16_p74,5800,16,74,75,0.8534,0.84,61
c6000_i16_p74,6000,16,74,75,0.8557,0.83,63
c6400_i16_p74,6400,16,74,80,0.8499,0.82,67
c6600_i16_p74,6600,16,74,82,0.8500,0.86,69
c2048_i16_p76,2048,16,76,36,0.9019,1.30,22
c2200_i16_p76,2200,16,76,37,0.8977,1.25,23
c2300_i16_p76,2300,16,76,37,0.8921,1.21,24
c2400_i16_p76,2400,16,76,38,0.8906,1.19,25
c2500_i16_p76,2500,16,76,39,0.8926,1.15,23
c2560_i16_p76,2560,16,76,40,0.8934,1.13,27
c2600_i16_p76,2600,16,76,40,0.8918,1.12,27
c2700_i16_p76,2700,16,76,51,0.8885,1.30,32
c2888_i16_p76,2888,16,76,43,0.8855,1.06,30
c2960_i16_p76,2960,16,76,46,0.8837,1.10,30
c3076_i16_p76,3076,16,76,46,0.8858,1.09,33
c3200_i16_p76,3200,16,76,47,0.8804,1.01,33
c3400_i16_p76,3400,16,76,51,0.8815,1.07,35
c3600_i16_p76,3600,16,76,53,0.8801,0.96,40
c4000_i16_p76,4000,16,76,58,0.8763,0.93,41
c4200_i16_p76,4200,16,76,56,0.8724,0.95,43
c4242_i16_p76,4242,16,76,58,0.8728,3.13,44
c4800_i16_p76,4800,16,76,64,0.8650,0.89,49
c5000_i16_p76,5000,16,76,66,0.8639,0.89,53
c5600_i16_p76,5600,16,76,73,0.8593,0.89,57
c5800_i16_p76,5800,16,76,75,0.8553,0.88,58
c6000_i16_p76,6000,16,76,79,0.8572,0.86,63
c6400_i16_p76,6400,16,76,84,0.8520,0.85,67
c6600_i16_p76,6600,16,76,84,0.8519,0.83,70
c2300_i16_p80,2300,16,80,38,0.8948,1.36,25
c2400_i16_p80,2400,16,80,39,0.8943,1.23,26
c2500_i16_p80,2500,16,80,40,0.8969,1.18,27
c2600_i16_p80,2600,16,80,41,0.8950,1.13,24
c2700_i16_p80,2700,16,80,45,0.8909,1.18,29
c2888_i16_p80,2888,16,80,50,0.8888,1.29,34
c2960_i16_p80,2960,16,80,45,0.8872,1.08,32
c3076_i16_p80,3076,16,80,45,0.8878,1.07,32
c3200_i16_p80,3200,16,80,46,0.8842,1.05,33
c3400_i16_p80,3400,16,80,51,0.8850,1.01,35
c3600_i16_p80,3600,16,80,54,0.8835,0.97,37
c4000_i16_p80,4000,16,80,57,0.8794,0.94,44
c4242_i16_p80,4242,16,80,59,0.8762,0.92,43
c5000_i16_p80,5000,16,80,67,0.8664,0.88,54
c5600_i16_p80,5600,16,80,75,0.8636,4.12,56
c5800_i16_p80,5800,16,80,74,0.8588,0.88,61
c6400_i16_p80,6400,16,80,81,0.8544,0.90,67
c6600_i16_p80,6600,16,80,82,0.8541,0.85,69
c2300_i16_p84,2300,16,84,38,0.8972,1.41,24
c2400_i16_p84,2400,16,84,38,0.8973,1.24,25
c2500_i16_p84,2500,16,84,39,0.9003,1.19,23
c2600_i16_p84,2600,16,84,40,0.8990,1.24,27
c2700_i16_p84,2700,16,84,42,0.8940,1.18,28
c2888_i16_p84,2888,16,84,47,0.8926,1.11,31
c2960_i16_p84,2960,16,84,44,0.8916,1.10,31
c3076_i16_p84,3076,16,84,48,0.8901,1.08,32
c3200_i16_p84,3200,16,84,46,0.8875,1.09,33
c3400_i16_p84,3400,16,84,48,0.8899,1.03,35
c3600_i16_p84,3600,16,84,60,0.8868,1.23,41
c4000_i16_p84,4000,16,84,54,0.8818,0.96,41
c4242_i16_p84,4242,16,84,56,0.8801,0.94,43
c5000_i16_p84,5000,16,84,66,0.8694,0.91,54
c5600_i16_p84,5600,16,84,72,0.8663,0.87,59
c5800_i16_p84,5800,16,84,81,0.8625,1.07,65
c6400_i16_p84,6400,16,84,84,0.8584,0.87,67
c6600_i16_p84,6600,16,84,81,0.8569,0.86,68
c2300_i16_p90,2300,16,90,38,0.9032,1.46,21
c2400_i16_p90,2400,16,90,42,0.9014,4.74,22
c2500_i16_p90,2500,16,90,47,0.9047,1.47,31
c2600_i16_p90,2600,16,90,40,0.9025,1.26,28
c2700_i16_p90,2700,16,90,45,0.8987,1.27,28
c2888_i16_p90,2888,16,90,44,0.8972,1.18,30
c2960_i16_p90,2960,16,90,47,0.8958,1.24,31
c3076_i16_p90,3076,16,90,45,0.8943,1.15,32
c3200_i16_p90,3200,16,90,49,0.8930,1.10,33
c3400_i16_p90,3400,16,90,55,0.8936,1.05,40
c3600_i16_p90,3600,16,90,50,0.8908,1.08,37
c4000_i16_p90,4000,16,90,57,0.8863,4.39,41
c4242_i16_p90,4242,16,90,59,0.8842,0.98,46
c5000_i16_p90,5000,16,90,63,0.8733,0.93,50
c5600_i16_p90,5600,16,90,83,0.8709,1.06,60
c5800_i16_p90,5800,16,90,74,0.8664,0.89,61
c6400_i16_p90,6400,16,90,80,0.8636,0.87,67
c6600_i16_p90,6600,16,90,86,0.8614,0.91,69
c2200_i16_p96,2200,16,96,37,0.9130,1.36,23
c2300_i16_p96,2300,16,96,39,0.9061,1.37,24
c2400_i16_p96,2400,16,96,38,0.9061,1.32,22
c2500_i16_p96,2500,16,96,43,0.9077,4.80,23
c2560_i16_p96,2560,16,96,40,0.9080,1.30,27
c2600_i16_p96,2600,16,96,40,0.9069,1.28,27
c2700_i16_p96,2700,16,96,41,0.9033,1.21,25
c2888_i16_p96,2888,16,96,43,0.9009,1.21,30
c2960_i16_p96,2960,16,96,49,0.8996,1.20,31
c3076_i16_p96,3076,16,96,45,0.8986,1.14,32
c3200_i16_p96,3200,16,96,48,0.8963,1.20,36
c3400_i16_p96,3400,16,96,47,0.8971,1.06,35
c3600_i16_p96,3600,16,96,54,0.8958,1.05,37
c4000_i16_p96,4000,16,96,57,0.8914,0.99,41
c4200_i16_p96,4200,16,96,58,0.8884,0.98,43
c4242_i16_p96,4242,16,96,59,0.8887,4.57,42
c4800_i16_p96,4800,16,96,64,0.8789,0.94,48
c5000_i16_p96,5000,16,96,66,0.8771,0.93,53
c5600_i16_p96,5600,16,96,71,0.8757,0.89,59
c5800_i16_p96,5800,16,96,76,0.8709,0.89,61
c6000_i16_p96,6000,16,96,76,0.8737,0.89,63
c6400_i16_p96,6400,16,96,83,0.8672,0.86,67
c6600_i16_p96,6600,16,96,89,0.8665,1.19,73
c2300_i16_p100,2300,16,100,38,0.9090,1.35,24
c2400_i16_p100,2400,16,100,38,0.9100,1.35,25
c2500_i16_p100,2500,16,100,39,0.9104,1.27,26
c2600_i16_p100,2600,16,100,40,0.9091,1.24,27
c2700_i16_p100,2700,16,100,44,0.9062,1.34,28
c2888_i16_p100,2888,16,100,43,0.9035,1.17,31
c2960_i16_p100,2960,16,100,47,0.9019,1.17,28
c3076_i16_p100,3076,16,100,46,0.9019,1.14,32
c3200_i16_p100,3200,16,100,46,0.8995,1.14,33
c3400_i16_p100,3400,16,100,51,0.8986,1.09,35
c3600_i16_p100,3600,16,100,52,0.8984,1.08,40
c4000_i16_p100,4000,16,100,57,0.8933,1.03,44
c4200_i16_p100,4200,16,100,58,0.8905,1.00,43
c4242_i16_p100,4242,16,100,58,0.8917,0.99,43
c4800_i16_p100,4800,16,100,65,0.8815,0.96,52
c5000_i16_p100,5000,16,100,63,0.8791,0.94,50
c5600_i16_p100,5600,16,100,72,0.8776,0.91,56
c5800_i16_p100,5800,16,100,86,0.8740,1.20,65
c6000_i16_p100,6000,16,100,75,0.8766,0.90,62
c6400_i16_p100,6400,16,100,80,0.8700,0.90,64
c6600_i16_p100,6600,16,100,81,0.8699,0.90,68
c2048_i16_p105,2048,16,105,36,0.9223,1.52,22
c2200_i16_p105,2200,16,105,37,0.9179,1.44,20
c2300_i16_p105,2300,16,105,38,0.9128,1.41,21
c2400_i16_p105,2400,16,105,42,0.9120,1.37,25
c2500_i16_p105,2500,16,105,40,0.9128,1.34,26
c2560_i16_p105,2560,16,105,40,0.9131,1.31,27
c2600_i16_p105,2600,16,105,41,0.9113,1.31,24
c2700_i16_p105,2700,16,105,41,0.9096,1.29,28
c2888_i16_p105,2888,16,105,47,0.9064,1.23,31
c2960_i16_p105,2960,16,105,44,0.9046,1.23,31
c3076_i16_p105,3076,16,105,45,0.9050,1.18,32
c3200_i16_p105,3200,16,105,47,0.9027,1.17,34
c3400_i16_p105,3400,16,105,51,0.9016,1.11,34
c3600_i16_p105,3600,16,105,53,0.9015,1.12,40
c4000_i16_p105,4000,16,105,67,0.8951,1.37,51
c4200_i16_p105,4200,16,105,56,0.8939,1.07,43
c4242_i16_p105,4242,16,105,60,0.8950,1.06,47
c4800_i16_p105,4800,16,105,65,0.8842,0.99,49
c5000_i16_p105,5000,16,105,67,0.8836,0.98,54
c5600_i16_p105,5600,16,105,82,0.8805,0.99,62
c5800_i16_p105,5800,16,105,77,0.8778,0.95,59
c6000_i16_p105,6000,16,105,80,0.8795,0.92,64
c6400_i16_p105,6400,16,105,80,0.8735,0.90,67
c6600_i16_p105,6600,16,105,90,0.8736,0.94,72
c2048_i16_p110,2048,16,110,36,0.9242,1.56,23
c2200_i16_p110,2200,16,110,36,0.9210,1.47,23
c2300_i16_p110,2300,16,110,36,0.9156,1.72,23
c2400_i16_p110,2400,16,110,38,0.9144,1.51,22
c2500_i16_p110,2500,16,110,39,0.9150,1.38,26
c2560_i16_p110,2560,16,110,43,0.9156,1.62,29
c2600_i16_p110,2600,16,110,45,0.9129,1.42,30
c2700_i16_p110,2700,16,110,45,0.9120,1.45,28
c2888_i16_p110,2888,16,110,45,0.9091,1.33,31
c2960_i16_p110,2960,16,110,45,0.9068,1.31,31
c3076_i16_p110,3076,16,110,46,0.9079,1.23,32
c3200_i16_p110,3200,16,110,49,0.9054,3.71,30
c3400_i16_p110,3400,16,110,48,0.9044,1.18,35
c3600_i16_p110,3600,16,110,51,0.9035,1.21,37
c4000_i16_p110,4000,16,110,57,0.8973,1.10,44
c4200_i16_p110,4200,16,110,56,0.8968,1.07,40
c4242_i16_p110,4242,16,110,58,0.8975,1.07,46
c4800_i16_p110,4800,16,110,66,0.8884,1.08,50
c5000_i16_p110,5000,16,110,67,0.8860,1.00,53
c5600_i16_p110,5600,16,110,72,0.8844,0.97,59
c5800_i16_p110,5800,16,110,74,0.8815,0.95,61
c6000_i16_p110,6000,16,110,77,0.8827,0.95,62
c6400_i16_p110,6400,16,110,82,0.8761,0.93,68
c6600_i16_p110,6600,16,110,84,0.8766,0.96,68
c2048_i16_p115,2048,16,115,36,0.9264,1.69,22
c2200_i16_p115,2200,16,115,36,0.9233,1.53,23
c2300_i16_p115,2300,16,115,37,0.9181,1.47,23
c2400_i16_p115,2400,16,115,38,0.9172,1.49,22
c2500_i16_p115,2500,16,115,49,0.9171,1.66,30
c2560_i16_p115,2560,16,115,40,0.9176,1.42,27
c2600_i16_p115,2600,16,115,41,0.9149,1.39,25
c2700_i16_p115,2700,16,115,45,0.9144,1.38,30
c2888_i16_p115,2888,16,115,47,0.9121,1.29,28
c2960_i16_p115,2960,16,115,47,0.9100,1.34,30
c3076_i16_p115,3076,16,115,45,0.9105,1.48,31
c3200_i16_p115,3200,16,115,53,0.9075,1.40,37
c3400_i16_p115,3400,16,115,49,0.9072,1.20,35
c3600_i16_p115,3600,16,115,51,0.9062,1.17,37
c4000_i16_p115,4000,16,115,55,0.9005,1.11,41
c4200_i16_p115,4200,16,115,59,0.8997,1.12,45
c4242_i16_p115,4242,16,115,59,0.9002,1.15,44
c4800_i16_p115,4800,16,115,67,0.8918,1.06,49
c5000_i16_p115,5000,16,115,67,0.8884,1.12,51
c5600_i16_p115,5600,16,115,72,0.8866,0.99,57
c5800_i16_p115,5800,16,115,77,0.8842,1.09,61
c6000_i16_p115,6000,16,115,78,0.8850,0.99,63
c6400_i16_p115,6400,16,115,84,0.8791,1.00,67
c6600_i16_p115,6600,16,115,82,0.8795,0.98,69
c2048_i32_p64,2048,32,64,54,0.8952,1.19,42
c2200_i32_p64,2200,32,64,65,0.8887,1.40,48
c2300_i32_p64,2300,32,64,62,0.8864,1.09,46
c2400_i32_p64,2400,32,64,64,0.8878,1.14,50
c2500_i32_p64,2500,32,64,65,0.8879,1.03,49
c2560_i32_p64,2560,32,64,67,0.8865,1.03,54
c2600_i32_p64,2600,32,64,69,0.8840,1.02,54
c2700_i32_p64,2700,32,64,70,0.8799,0.99,57
c2888_i32_p64,2888,32,64,74,0.8792,0.97,61
c2960_i32_p64,2960,32,64,75,0.8784,0.95,62
c3076_i32_p64,3076,32,64,84,0.8743,1.03,66
c3200_i32_p64,3200,32,64,83,0.8729,0.94,70
c3400_i32_p64,3400,32,64,85,0.8755,0.93,71
c3600_i32_p64,3600,32,64,89,0.8711,0.93,75
c4000_i32_p64,4000,32,64,99,0.8669,0.87,82
c4200_i32_p64,4200,32,64,103,0.8619,0.85,90
c4242_i32_p64,4242,32,64,103,0.8636,0.82,90
c4800_i32_p64,4800,32,64,116,0.8573,0.82,101
c5000_i32_p64,5000,32,64,119,0.8551,0.82,106
c5600_i32_p64,5600,32,64,140,0.8500,3.89,122
c5800_i32_p64,5800,32,64,138,0.8489,0.79,122
c6000_i32_p64,6000,32,64,151,0.8493,0.95,135
c6400_i32_p64,6400,32,64,149,0.8430,0.78,136
c6600_i32_p64,6600,32,64,163,0.8401,0.98,144
c2048_i32_p66,2048,32,66,57,0.8967,1.16,42
c2200_i32_p66,2200,32,66,60,0.8906,1.11,44
c2300_i32_p66,2300,32,66,62,0.8880,1.09,49
c2400_i32_p66,2400,32,66,64,0.8902,1.09,48
c2500_i32_p66,2500,32,66,69,0.8902,1.07,52
c2560_i32_p66,2560,32,66,68,0.8888,1.03,55
c2600_i32_p66,2600,32,66,69,0.8868,1.02,55
c2700_i32_p66,2700,32,66,70,0.8827,1.01,57
c2888_i32_p66,2888,32,66,82,0.8810,1.21,65
c2960_i32_p66,2960,32,66,76,0.8790,1.03,63
c3076_i32_p66,3076,32,66,78,0.8770,0.98,65
c3200_i32_p66,3200,32,66,86,0.8747,1.10,71
